Workbook

Sheet Metode
A1: METODE PENYELARASAN DATA PRODUKSI TERHADAP WELL TEST (MULTIPLIER)
A3: Rumus
A4: 1 | B4: Titik koreksi = bulan yang punya data WT dan Prod > 0. Multiplier = WT / Prod, dan Prod Koreksi = WT pada bulan itu.
A5: 2 | B5: Pada bulan tanpa WT, multiplier dari titik koreksi terakhir dibawa maju dan dikalikan ke Prod. Contoh: Jan 90->100 (x1,1111); Feb 85 -> 94,4; Mar 90 -> 100; Apr 80 -> 95 (x1,1875).
A6: 3 | B6: Tidak ada batas minimum/maksimum multiplier; nilai disajikan apa adanya.
A7: 4 | B7: Metode dijalankan terpisah untuk Oil, Gas, Water, dan Fluid (masing-masing memakai WT dan multipliernya sendiri).
A9: Aturan kasus khusus
A10: 5 | B10: WT ada tetapi Prod = 0: Prod Koreksi = 0 (berapapun multiplier-nya). Multiplier tidak dihitung ulang, nilai sebelumnya dilanjutkan.
A11: 6 | B11: WT = 0 sementara Prod > 0: Prod Koreksi bulan itu = 0 (multiplier = 0). Bulan berikutnya yang tidak punya WT dibiarkan apa adanya (multiplier kembali 1, Prod Koreksi = Prod) sampai ada WT berikutnya.
A12: 7 | B12: Bulan sebelum WT pertama sebuah sumur: multiplier = 1 (tidak dikoreksi), karena belum ada informasi WT.
A13: 8 | B13: Bulan tanpa data produksi (mis. setelah Apr-2025, hanya ada WT): Prod Koreksi dikosongkan. WT tetap tampil di grafik.
A14: 9 | B14: WT per bulan = rata-rata sederhana test valid pada bulan tsb, diambil apa adanya dari sheet Rekap file sumber.
A15: 10 | B15: Fluid terkoreksi dihitung dengan multiplier Fluid sendiri, sehingga tepat mengikuti WT Fluid. Akibatnya Fluid terkoreksi tidak selalu sama persis dengan Oil terkoreksi + Water terkoreksi.
A16: 11 | B16: KKNB-1: Oil prod dan WT bernilai 0 di semua bulan, sehingga multiplier Oil = 1 dan tidak ada koreksi Oil.
A17: 12 | B17: Sumbu waktu grafik = tanggal minimum dan maksimum data prod/WT tiap sumur; sumbu Y sama pada grafik sebelum dan sesudah (nilai ditetapkan saat file dibuat).
A19: Konvensi
A20: 13 | B20: Font biru = input/sumber; hitam = rumus. Kumulatif = rate x jumlah hari per bulan (Oil, Water, Fluid: MBbl; Gas: MMscf).
A21: 14 | B21: Sumber data: sheet Rekap pada Rekap_Produksi_WellTest_KKA_KKNA_KKNB.xlsx (produksi = FS Claim; WT = rata-rata test valid per bulan).

Sheet Ringkasan
A1: RINGKASAN PER SUMUR: SEBELUM vs SESUDAH KOREKSI
A2: Semua angka dihitung dari sheet Koreksi_Data. Kumulatif = rate x hari per bulan.
A4: OIL (BOPD) | kumulatif dalam MBbl
A5: Sumur | B5: Awal data | C5: Akhir data | D5: Bulan Prod | E5: Bulan WT | F5: Titik koreksi | G5: Multiplier min | H5: Multiplier maks | I5: Multiplier rata-rata | J5: Multiplier terakhir | K5: Kum. Sebelum | L5: Kum. Sesudah | M5: Selisih (%) | N5: Prod/WT sebelum (bulan WT)
A6: KKA-1 | B6: =_xlfn.MINIFS(Koreksi_Data!$C$7:$C$2719,Koreksi_Data!$B$7:$B$2719,$A6) -> 37438 | C6: =_xlfn.MAXIFS(Koreksi_Data!$C$7:$C$2719,Koreksi_Data!$B$7:$B$2719,$A6) -> 46266 | D6: =COUNTIFS(Koreksi_Data!$B$7:$B$2719,$A6,Koreksi_Data!$D$7:$D$2719,">=0") -> 272 | E6: =COUNTIFS(Koreksi_Data!$B$7:$B$2719,$A6,Koreksi_Data!$E$7:$E$2719,">=0") -> 152 | F6: =SUMPRODUCT((Koreksi_Data!$B$7:$B$2719=$A6)*ISNUMBER(Koreksi_Data!$E$7:$E$2719)*(Koreksi_Data!$D$7:$D$2719>0)) -> 133 | G6: =IFERROR(_xlfn.MINIFS(Koreksi_Data!$F$7:$F$2719,Koreksi_Data!$B$7:$B$2719,$A6,Koreksi_Data!$D$7:$D$2719,">=0"),"-") -> 0 | H6: =IFERROR(_xlfn.MAXIFS(Koreksi_Data!$F$7:$F$2719,Koreksi_Data!$B$7:$B$2719,$A6,Koreksi_Data!$D$7:$D$2719,">=0"),"-") -> 6 | I6: =IFERROR(AVERAGEIFS(Koreksi_Data!$F$7:$F$2719,Koreksi_Data!$B$7:$B$2719,$A6,Koreksi_Data!$D$7:$D$2719,">=0"),"-") -> 1.2950435 | J6: =INDEX(Koreksi_Data!$F$7:$F$2719,MATCH($A6,Koreksi_Data!$B$7:$B$2719,0)+COUNTIF(Koreksi_Data!$B$7:$B$2719,$A6)-1) -> 1.2794118 | K6: =SUMPRODUCT((Koreksi_Data!$B$7:$B$2719=$A6)*Koreksi_Data!$D$7:$D$2719*Koreksi_Data!$T$7:$T$2719)/1000 -> 978.1446 | L6: =SUMPRODUCT((Koreksi_Data!$B$7:$B$2719=$A6)*Koreksi_Data!$G$7:$G$2719*Koreksi_Data!$T$7:$T$2719)/1000 -> 1249.4641 | M6: =IF(K6=0,"-",L6/K6-1) -> 0.2773818 | N6: =IFERROR(SUMPRODUCT((Koreksi_Data!$B$7:$B$2719=$A6)*ISNUMBER(Koreksi_Data!$E$7:$E$2719)*Koreksi_Data!$D$7:$D$2719)/SUMPRODUCT((Koreksi_Data!$B$7:$B$2719=$A6)*ISNUMBER(Koreksi_Data!$D$7:$D$2719)*Koreksi_Data!$E$7:$E$2719),"-") -> 0.76907239
A7: KKA-2ST2L | B7: =_xlfn.MINIFS(Koreksi_Data!$C$7:$C$2719,Koreksi_Data!$B$7:$B$2719,$A7) -> 39814 | C7: =_xlfn.MAXIFS(Koreksi_Data!$C$7:$C$2719,Koreksi_Data!$B$7:$B$2719,$A7) -> 42856 | D7: =COUNTIFS(Koreksi_Data!$B$7:$B$2719,$A7,Koreksi_Data!$D$7:$D$2719,">=0") -> 90 | E7: =COUNTIFS(Koreksi_Data!$B$7:$B$2719,$A7,Koreksi_Data!$E$7:$E$2719,">=0") -> 22 | F7: =SUMPRODUCT((Koreksi_Data!$B$7:$B$2719=$A7)*ISNUMBER(Koreksi_Data!$E$7:$E$2719)*(Koreksi_Data!$D$7:$D$2719>0)) -> 19 | G7: =IFERROR(_xlfn.MINIFS(Koreksi_Data!$F$7:$F$2719,Koreksi_Data!$B$7:$B$2719,$A7,Koreksi_Data!$D$7:$D$2719,">=0"),"-") -> 0 | H7: =IFERROR(_xlfn.MAXIFS(Koreksi_Data!$F$7:$F$2719,Koreksi_Data!$B$7:$B$2719,$A7,Koreksi_Data!$D$7:$D$2719,">=0"),"-") -> 1.8929577 | I7: =IFERROR(AVERAGEIFS(Koreksi_Data!$F$7:$F$2719,Koreksi_Data!$B$7:$B$2719,$A7,Koreksi_Data!$D$7:$D$2719,">=0"),"-") -> 1.0286329 | J7: =INDEX(Koreksi_Data!$F$7:$F$2719,MATCH($A7,Koreksi_Data!$B$7:$B$2719,0)+COUNTIF(Koreksi_Data!$B$7:$B$2719,$A7)-1) -> 1 | K7: =SUMPRODUCT((Koreksi_Data!$B$7:$B$2719=$A7)*Koreksi_Data!$D$7:$D$2719*Koreksi_Data!$T$7:$T$2719)/1000 -> 604.1113 | L7: =SUMPRODUCT((Koreksi_Data!$B$7:$B$2719=$A7)*Koreksi_Data!$G$7:$G$2719*Koreksi_Data!$T$7:$T$2719)/1000 -> 715.31982 | M7: =IF(K7=0,"-",L7/K7-1) -> 0.18408615 | N7: =IFERROR(SUMPRODUCT((Koreksi_Data!$B$7:$B$2719=$A7)*ISNUMBER(Koreksi_Data!$E$7:$E$2719)*Koreksi_Data!$D$7:$D$2719)/SUMPRODUCT((Koreksi_Data!$B$7:$B$2719=$A7)*ISNUMBER(Koreksi_Data!$D$7:$D$2719)*Koreksi_Data!$E$7:$E$2719),"-") -> 0.92052383
A8: KKA-3 | B8: =_xlfn.MINIFS(Koreksi_Data!$C$7:$C$2719,Koreksi_Data!$B$7:$B$2719,$A8) -> 39845 | C8: =_xlfn.MAXIFS(Koreksi_Data!$C$7:$C$2719,Koreksi_Data!$B$7:$B$2719,$A8) -> 46266 | D8: =COUNTIFS(Koreksi_Data!$B$7:$B$2719,$A8,Koreksi_Data!$D$7:$D$2719,">=0") -> 193 | E8: =COUNTIFS(Koreksi_Data!$B$7:$B$2719,$A8,Koreksi_Data!$E$7:$E$2719,">=0") -> 78 | F8: =SUMPRODUCT((Koreksi_Data!$B$7:$B$2719=$A8)*ISNUMBER(Koreksi_Data!$E$7:$E$2719)*(Koreksi_Data!$D$7:$D$2719>0)) -> 34 | G8: =IFERROR(_xlfn.MINIFS(Koreksi_Data!$F$7:$F$2719,Koreksi_Data!$B$7:$B$2719,$A8,Koreksi_Data!$D$7:$D$2719,">=0"),"-") -> 0 | H8: =IFERROR(_xlfn.MAXIFS(Koreksi_Data!$F$7:$F$2719,Koreksi_Data!$B$7:$B$2719,$A8,Koreksi_Data!$D$7:$D$2719,">=0"),"-") -> 4.7706422 | I8: =IFERROR(AVERAGEIFS(Koreksi_Data!$F$7:$F$2719,Koreksi_Data!$B$7:$B$2719,$A8,Koreksi_Data!$D$7:$D$2719,">=0"),"-") -> 1.0192703 | J8: =INDEX(Koreksi_Data!$F$7:$F$2719,MATCH($A8,Koreksi_Data!$B$7:$B$2719,0)+COUNTIF(Koreksi_Data!$B$7:$B$2719,$A8)-1) -> 3.0181087 | K8: =SUMPRODUCT((Koreksi_Data!$B$7:$B$2719=$A8)*Koreksi_Data!$D$7:$D$2719*Koreksi_Data!$T$7:$T$2719)/1000 -> 55.621414 | L8: =SUMPRODUCT((Koreksi_Data!$B$7:$B$2719=$A8)*Koreksi_Data!$G$7:$G$2719*Koreksi_Data!$T$7:$T$2719)/1000 -> 64.983339 | M8: =IF(K8=0,"-",L8/K8-1) -> 0.16831512 | N8: =IFERROR(SUMPRODUCT((Koreksi_Data!$B$7:$B$2719=$A8)*ISNUMBER(Koreksi_Data!$E$7:$E$2719)*Koreksi_Data!$D$7:$D$2719)/SUMPRODUCT((Koreksi_Data!$B$7:$B$2719=$A8)*ISNUMBER(Koreksi_Data!$D$7:$D$2719)*Koreksi_Data!$E$7:$E$2719),"-") -> 0.59719452
A9: KKA-4 | B9: =_xlfn.MINIFS(Koreksi_Data!$C$7:$C$2719,Koreksi_Data!$B$7:$B$2719,$A9) -> 40210 | C9: =_xlfn.MAXIFS(Koreksi_Data!$C$7:$C$2719,Koreksi_Data!$B$7:$B$2719,$A9) -> 46113 | D9: =COUNTIFS(Koreksi_Data!$B$7:$B$2719,$A9,Koreksi_Data!$D$7:$D$2719,">=0") -> 172 | E9: =COUNTIFS(Koreksi_Data!$B$7:$B$2719,$A9,Koreksi_Data!$E$7:$E$2719,">=0") -> 92 | F9: =SUMPRODUCT((Koreksi_Data!$B$7:$B$2719=$A9)*ISNUMBER(Koreksi_Data!$E$7:$E$2719)*(Koreksi_Data!$D$7:$D$2719>0)) -> 81 | G9: =IFERROR(_xlfn.MINIFS(Koreksi_Data!$F$7:$F$2719,Koreksi_Data!$B$7:$B$2719,$A9,Koreksi_Data!$D$7:$D$2719,">=0"),"-") -> 0 | H9: =IFERROR(_xlfn.MAXIFS(Koreksi_Data!$F$7:$F$2719,Koreksi_Data!$B$7:$B$2719,$A9,Koreksi_Data!$D$7:$D$2719,">=0"),"-") -> 4.8752834 | I9: =IFERROR(AVERAGEIFS(Koreksi_Data!$F$7:$F$2719,Koreksi_Data!$B$7:$B$2719,$A9,Koreksi_Data!$D$7:$D$2719,">=0"),"-") -> 1.3359286 | J9: =INDEX(Koreksi_Data!$F$7:$F$2719,MATCH($A9,Koreksi_Data!$B$7:$B$2719,0)+COUNTIF(Koreksi_Data!$B$7:$B$2719,$A9)-1) -> 1.3740458 | K9: =SUMPRODUCT((Koreksi_Data!$B$7:$B$2719=$A9)*Koreksi_Data!$D$7:$D$2719*Koreksi_Data!$T$7:$T$2719)/1000 -> 371.99164 | L9: =SUMPRODUCT((Koreksi_Data!$B$7:$B$2719=$A9)*Koreksi_Data!$G$7:$G$2719*Koreksi_Data!$T$7:$T$2719)/1000 -> 447.36914 | M9: =IF(K9=0,"-",L9/K9-1) -> 0.20263223 | N9: =IFERROR(SUMPRODUCT((Koreksi_Data!$B$7:$B$2719=$A9)*ISNUMBER(Koreksi_Data!$E$7:$E$2719)*Koreksi_Data!$D$7:$D$2719)/SUMPRODUCT((Koreksi_Data!$B$7:$B$2719=$A9)*ISNUMBER(Koreksi_Data!$D$7:$D$2719)*Koreksi_Data!$E$7:$E$2719),"-") -> 0.91122851
A10: KKNA-1L | B10: =_xlfn.MINIFS(Koreksi_Data!$C$7:$C$2719,Koreksi_Data!$B$7:$B$2719,$A10) -> 36161 | C10: =_xlfn.MAXIFS(Koreksi_Data!$C$7:$C$2719,Koreksi_Data!$B$7:$B$2719,$A10) -> 42430 | D10: =COUNTIFS(Koreksi_Data!$B$7:$B$2719,$A10,Koreksi_Data!$D$7:$D$2719,">=0") -> 151 | E10: =COUNTIFS(Koreksi_Data!$B$7:$B$2719,$A10,Koreksi_Data!$E$7:$E$2719,">=0") -> 59 | F10: =SUMPRODUCT((Koreksi_Data!$B$7:$B$2719=$A10)*ISNUMBER(Koreksi_Data!$E$7:$E$2719)*(Koreksi_Data!$D$7:$D$2719>0)) -> 55 | G10: =IFERROR(_xlfn.MINIFS(Koreksi_Data!$F$7:$F$2719,Koreksi_Data!$B$7:$B$2719,$A10,Koreksi_Data!$D$7:$D$2719,">=0"),"-") -> 0 | H10: =IFERROR(_xlfn.MAXIFS(Koreksi_Data!$F$7:$F$2719,Koreksi_Data!$B$7:$B$2719,$A10,Koreksi_Data!$D$7:$D$2719,">=0"),"-") -> 7.0498615 | I10: =IFERROR(AVERAGEIFS(Koreksi_Data!$F$7:$F$2719,Koreksi_Data!$B$7:$B$2719,$A10,Koreksi_Data!$D$7:$D$2719,">=0"),"-") -> 2.3476105 | J10: =INDEX(Koreksi_Data!$F$7:$F$2719,MATCH($A10,Koreksi_Data!$B$7:$B$2719,0)+COUNTIF(Koreksi_Data!$B$7:$B$2719,$A10)-1) -> 0 | K10: =SUMPRODUCT((Koreksi_Data!$B$7:$B$2719=$A10)*Koreksi_Data!$D$7:$D$2719*Koreksi_Data!$T$7:$T$2719)/1000 -> 269.91658 | L10: =SUMPRODUCT((Koreksi_Data!$B$7:$B$2719=$A10)*Koreksi_Data!$G$7:$G$2719*Koreksi_Data!$T$7:$T$2719)/1000 -> 465.53627 | M10: =IF(K10=0,"-",L10/K10-1) -> 0.72474129 | N10: =IFERROR(SUMPRODUCT((Koreksi_Data!$B$7:$B$2719=$A10)*ISNUMBER(Koreksi_Data!$E$7:$E$2719)*Koreksi_Data!$D$7:$D$2719)/SUMPRODUCT((Koreksi_Data!$B$7:$B$2719=$A10)*ISNUMBER(Koreksi_Data!$D$7:$D$2719)*Koreksi_Data!$E$7:$E$2719),"-") -> 0.56073298
A11: KKNA-1S | B11: =_xlfn.MINIFS(Koreksi_Data!$C$7:$C$2719,Koreksi_Data!$B$7:$B$2719,$A11) -> 36495 | C11: =_xlfn.MAXIFS(Koreksi_Data!$C$7:$C$2719,Koreksi_Data!$B$7:$B$2719,$A11) -> 42430 | D11: =COUNTIFS(Koreksi_Data!$B$7:$B$2719,$A11,Koreksi_Data!$D$7:$D$2719,">=0") -> 139 | E11: =COUNTIFS(Koreksi_Data!$B$7:$B$2719,$A11,Koreksi_Data!$E$7:$E$2719,">=0") -> 56 | F11: =SUMPRODUCT((Koreksi_Data!$B$7:$B$2719=$A11)*ISNUMBER(Koreksi_Data!$E$7:$E$2719)*(Koreksi_Data!$D$7:$D$2719>0)) -> 49 | G11: =IFERROR(_xlfn.MINIFS(Koreksi_Data!$F$7:$F$2719,Koreksi_Data!$B$7:$B$2719,$A11,Koreksi_Data!$D$7:$D$2719,">=0"),"-") -> 0 | H11: =IFERROR(_xlfn.MAXIFS(Koreksi_Data!$F$7:$F$2719,Koreksi_Data!$B$7:$B$2719,$A11,Koreksi_Data!$D$7:$D$2719,">=0"),"-") -> 16.718266 | I11: =IFERROR(AVERAGEIFS(Koreksi_Data!$F$7:$F$2719,Koreksi_Data!$B$7:$B$2719,$A11,Koreksi_Data!$D$7:$D$2719,">=0"),"-") -> 1.7025691 | J11: =INDEX(Koreksi_Data!$F$7:$F$2719,MATCH($A11,Koreksi_Data!$B$7:$B$2719,0)+COUNTIF(Koreksi_Data!$B$7:$B$2719,$A11)-1) -> 0.79734219 | K11: =SUMPRODUCT((Koreksi_Data!$B$7:$B$2719=$A11)*Koreksi_Data!$D$7:$D$2719*Koreksi_Data!$T$7:$T$2719)/1000 -> 112.17 | L11: =SUMPRODUCT((Koreksi_Data!$B$7:$B$2719=$A11)*Koreksi_Data!$G$7:$G$2719*Koreksi_Data!$T$7:$T$2719)/1000 -> 278.31546 | M11: =IF(K11=0,"-",L11/K11-1) -> 1.4811934 | N11: =IFERROR(SUMPRODUCT((Koreksi_Data!$B$7:$B$2719=$A11)*ISNUMBER(Koreksi_Data!$E$7:$E$2719)*Koreksi_Data!$D$7:$D$2719)/SUMPRODUCT((Koreksi_Data!$B$7:$B$2719=$A11)*ISNUMBER(Koreksi_Data!$D$7:$D$2719)*Koreksi_Data!$E$7:$E$2719),"-") -> 0.34787792
A12: KKNA-2 | B12: =_xlfn.MINIFS(Koreksi_Data!$C$7:$C$2719,Koreksi_Data!$B$7:$B$2719,$A12) -> 36161 | C12: =_xlfn.MAXIFS(Koreksi_Data!$C$7:$C$2719,Koreksi_Data!$B$7:$B$2719,$A12) -> 45505 | D12: =COUNTIFS(Koreksi_Data!$B$7:$B$2719,$A12,Koreksi_Data!$D$7:$D$2719,">=0") -> 153 | E12: =COUNTIFS(Koreksi_Data!$B$7:$B$2719,$A12,Koreksi_Data!$E$7:$E$2719,">=0") -> 54 | F12: =SUMPRODUCT((Koreksi_Data!$B$7:$B$2719=$A12)*ISNUMBER(Koreksi_Data!$E$7:$E$2719)*(Koreksi_Data!$D$7:$D$2719>0)) -> 48 | G12: =IFERROR(_xlfn.MINIFS(Koreksi_Data!$F$7:$F$2719,Koreksi_Data!$B$7:$B$2719,$A12,Koreksi_Data!$D$7:$D$2719,">=0"),"-") -> 0 | H12: =IFERROR(_xlfn.MAXIFS(Koreksi_Data!$F$7:$F$2719,Koreksi_Data!$B$7:$B$2719,$A12,Koreksi_Data!$D$7:$D$2719,">=0"),"-") -> 6.1417323 | I12: =IFERROR(AVERAGEIFS(Koreksi_Data!$F$7:$F$2719,Koreksi_Data!$B$7:$B$2719,$A12,Koreksi_Data!$D$7:$D$2719,">=0"),"-") -> 3.5687174 | J12: =INDEX(Koreksi_Data!$F$7:$F$2719,MATCH($A12,Koreksi_Data!$B$7:$B$2719,0)+COUNTIF(Koreksi_Data!$B$7:$B$2719,$A12)-1) -> 6.1417323 | K12: =SUMPRODUCT((Koreksi_Data!$B$7:$B$2719=$A12)*Koreksi_Data!$D$7:$D$2719*Koreksi_Data!$T$7:$T$2719)/1000 -> 243.67062 | L12: =SUMPRODUCT((Koreksi_Data!$B$7:$B$2719=$A12)*Koreksi_Data!$G$7:$G$2719*Koreksi_Data!$T$7:$T$2719)/1000 -> 367.85766 | M12: =IF(K12=0,"-",L12/K12-1) -> 0.50965125 | N12: =IFERROR(SUMPRODUCT((Koreksi_Data!$B$7:$B$2719=$A12)*ISNUMBER(Koreksi_Data!$E$7:$E$2719)*Koreksi_Data!$D$7:$D$2719)/SUMPRODUCT((Koreksi_Data!$B$7:$B$2719=$A12)*ISNUMBER(Koreksi_Data!$D$7:$D$2719)*Koreksi_Data!$E$7:$E$2719),"-") -> 0.78451378
A13: KKNA-3 | B13: =_xlfn.MINIFS(Koreksi_Data!$C$7:$C$2719,Koreksi_Data!$B$7:$B$2719,$A13) -> 37622 | C13: =_xlfn.MAXIFS(Koreksi_Data!$C$7:$C$2719,Koreksi_Data!$B$7:$B$2719,$A13) -> 42552 | D13: =COUNTIFS(Koreksi_Data!$B$7:$B$2719,$A13,Koreksi_Data!$D$7:$D$2719,">=0") -> 131 | E13: =COUNTIFS(Koreksi_Data!$B$7:$B$2719,$A13,Koreksi_Data!$E$7:$E$2719,">=0") -> 62 | F13: =SUMPRODUCT((Koreksi_Data!$B$7:$B$2719=$A13)*ISNUMBER(Koreksi_Data!$E$7:$E$2719)*(Koreksi_Data!$D$7:$D$2719>0)) -> 58 | G13: =IFERROR(_xlfn.MINIFS(Koreksi_Data!$F$7:$F$2719,Koreksi_Data!$B$7:$B$2719,$A13,Koreksi_Data!$D$7:$D$2719,">=0"),"-") -> 0 | H13: =IFERROR(_xlfn.MAXIFS(Koreksi_Data!$F$7:$F$2719,Koreksi_Data!$B$7:$B$2719,$A13,Koreksi_Data!$D$7:$D$2719,">=0"),"-") -> 3.3566434 | I13: =IFERROR(AVERAGEIFS(Koreksi_Data!$F$7:$F$2719,Koreksi_Data!$B$7:$B$2719,$A13,Koreksi_Data!$D$7:$D$2719,">=0"),"-") -> 1.403996 | J13: =INDEX(Koreksi_Data!$F$7:$F$2719,MATCH($A13,Koreksi_Data!$B$7:$B$2719,0)+COUNTIF(Koreksi_Data!$B$7:$B$2719,$A13)-1) -> 0.92028986 | K13: =SUMPRODUCT((Koreksi_Data!$B$7:$B$2719=$A13)*Koreksi_Data!$D$7:$D$2719*Koreksi_Data!$T$7:$T$2719)/1000 -> 565.21079 | L13: =SUMPRODUCT((Koreksi_Data!$B$7:$B$2719=$A13)*Koreksi_Data!$G$7:$G$2719*Koreksi_Data!$T$7:$T$2719)/1000 -> 819.04895 | M13: =IF(K13=0,"-",L13/K13-1) -> 0.44910352 | N13: =IFERROR(SUMPRODUCT((Koreksi_Data!$B$7:$B$2719=$A13)*ISNUMBER(Koreksi_Data!$E$7:$E$2719)*Koreksi_Data!$D$7:$D$2719)/SUMPRODUCT((Koreksi_Data!$B$7:$B$2719=$A13)*ISNUMBER(Koreksi_Data!$D$7:$D$2719)*Koreksi_Data!$E$7:$E$2719),"-") -> 0.72166437
A14: KKNA-3ST | B14: =_xlfn.MINIFS(Koreksi_Data!$C$7:$C$2719,Koreksi_Data!$B$7:$B$2719,$A14) -> 41153 | C14: =_xlfn.MAXIFS(Koreksi_Data!$C$7:$C$2719,Koreksi_Data!$B$7:$B$2719,$A14) -> 46235 | D14: =COUNTIFS(Koreksi_Data!$B$7:$B$2719,$A14,Koreksi_Data!$D$7:$D$2719,">=0") -> 152 | E14: =COUNTIFS(Koreksi_Data!$B$7:$B$2719,$A14,Koreksi_Data!$E$7:$E$2719,">=0") -> 89 | F14: =SUMPRODUCT((Koreksi_Data!$B$7:$B$2719=$A14)*ISNUMBER(Koreksi_Data!$E$7:$E$2719)*(Koreksi_Data!$D$7:$D$2719>0)) -> 64 | G14: =IFERROR(_xlfn.MINIFS(Koreksi_Data!$F$7:$F$2719,Koreksi_Data!$B$7:$B$2719,$A14,Koreksi_Data!$D$7:$D$2719,">=0"),"-") -> 0 | H14: =IFERROR(_xlfn.MAXIFS(Koreksi_Data!$F$7:$F$2719,Koreksi_Data!$B$7:$B$2719,$A14,Koreksi_Data!$D$7:$D$2719,">=0"),"-") -> 30.120482 | I14: =IFERROR(AVERAGEIFS(Koreksi_Data!$F$7:$F$2719,Koreksi_Data!$B$7:$B$2719,$A14,Koreksi_Data!$D$7:$D$2719,">=0"),"-") -> 1.4076752 | J14: =INDEX(Koreksi_Data!$F$7:$F$2719,MATCH($A14,Koreksi_Data!$B$7:$B$2719,0)+COUNTIF(Koreksi_Data!$B$7:$B$2719,$A14)-1) -> 1.2562814 | K14: =SUMPRODUCT((Koreksi_Data!$B$7:$B$2719=$A14)*Koreksi_Data!$D$7:$D$2719*Koreksi_Data!$T$7:$T$2719)/1000 -> 33.883126 | L14: =SUMPRODUCT((Koreksi_Data!$B$7:$B$2719=$A14)*Koreksi_Data!$G$7:$G$2719*Koreksi_Data!$T$7:$T$2719)/1000 -> 38.401572 | M14: =IF(K14=0,"-",L14/K14-1) -> 0.13335387 | N14: =IFERROR(SUMPRODUCT((Koreksi_Data!$B$7:$B$2719=$A14)*ISNUMBER(Koreksi_Data!$E$7:$E$2719)*Koreksi_Data!$D$7:$D$2719)/SUMPRODUCT((Koreksi_Data!$B$7:$B$2719=$A14)*ISNUMBER(Koreksi_Data!$D$7:$D$2719)*Koreksi_Data!$E$7:$E$2719),"-") -> 0.86183782
A15: KKNA-4 | B15: =_xlfn.MINIFS(Koreksi_Data!$C$7:$C$2719,Koreksi_Data!$B$7:$B$2719,$A15) -> 38353 | C15: =_xlfn.MAXIFS(Koreksi_Data!$C$7:$C$2719,Koreksi_Data!$B$7:$B$2719,$A15) -> 46235 | D15: =COUNTIFS(Koreksi_Data!$B$7:$B$2719,$A15,Koreksi_Data!$D$7:$D$2719,">=0") -> 244 | E15: =COUNTIFS(Koreksi_Data!$B$7:$B$2719,$A15,Koreksi_Data!$E$7:$E$2719,">=0") -> 102 | F15: =SUMPRODUCT((Koreksi_Data!$B$7:$B$2719=$A15)*ISNUMBER(Koreksi_Data!$E$7:$E$2719)*(Koreksi_Data!$D$7:$D$2719>0)) -> 32 | G15: =IFERROR(_xlfn.MINIFS(Koreksi_Data!$F$7:$F$2719,Koreksi_Data!$B$7:$B$2719,$A15,Koreksi_Data!$D$7:$D$2719,">=0"),"-") -> 0.49145299 | H15: =IFERROR(_xlfn.MAXIFS(Koreksi_Data!$F$7:$F$2719,Koreksi_Data!$B$7:$B$2719,$A15,Koreksi_Data!$D$7:$D$2719,">=0"),"-") -> 4.0083799 | I15: =IFERROR(AVERAGEIFS(Koreksi_Data!$F$7:$F$2719,Koreksi_Data!$B$7:$B$2719,$A15,Koreksi_Data!$D$7:$D$2719,">=0"),"-") -> 2.9127823 | J15: =INDEX(Koreksi_Data!$F$7:$F$2719,MATCH($A15,Koreksi_Data!$B$7:$B$2719,0)+COUNTIF(Koreksi_Data!$B$7:$B$2719,$A15)-1) -> 4.0083799 | K15: =SUMPRODUCT((Koreksi_Data!$B$7:$B$2719=$A15)*Koreksi_Data!$D$7:$D$2719*Koreksi_Data!$T$7:$T$2719)/1000 -> 260.8565 | L15: =SUMPRODUCT((Koreksi_Data!$B$7:$B$2719=$A15)*Koreksi_Data!$G$7:$G$2719*Koreksi_Data!$T$7:$T$2719)/1000 -> 469.54974 | M15: =IF(K15=0,"-",L15/K15-1) -> 0.80003081 | N15: =IFERROR(SUMPRODUCT((Koreksi_Data!$B$7:$B$2719=$A15)*ISNUMBER(Koreksi_Data!$E$7:$E$2719)*Koreksi_Data!$D$7:$D$2719)/SUMPRODUCT((Koreksi_Data!$B$7:$B$2719=$A15)*ISNUMBER(Koreksi_Data!$D$7:$D$2719)*Koreksi_Data!$E$7:$E$2719),"-") -> 0.67507342
A16: KKNA-5ST | B16: =_xlfn.MINIFS(Koreksi_Data!$C$7:$C$2719,Koreksi_Data!$B$7:$B$2719,$A16) -> 41153 | C16: =_xlfn.MAXIFS(Koreksi_Data!$C$7:$C$2719,Koreksi_Data!$B$7:$B$2719,$A16) -> 45748 | D16: =COUNTIFS(Koreksi_Data!$B$7:$B$2719,$A16,Koreksi_Data!$D$7:$D$2719,">=0") -> 152 | E16: =COUNTIFS(Koreksi_Data!$B$7:$B$2719,$A16,Koreksi_Data!$E$7:$E$2719,">=0") -> 70 | F16: =SUMPRODUCT((Koreksi_Data!$B$7:$B$2719=$A16)*ISNUMBER(Koreksi_Data!$E$7:$E$2719)*(Koreksi_Data!$D$7:$D$2719>0)) -> 54 | G16: =IFERROR(_xlfn.MINIFS(Koreksi_Data!$F$7:$F$2719,Koreksi_Data!$B$7:$B$2719,$A16,Koreksi_Data!$D$7:$D$2719,">=0"),"-") -> 0 | H16: =IFERROR(_xlfn.MAXIFS(Koreksi_Data!$F$7:$F$2719,Koreksi_Data!$B$7:$B$2719,$A16,Koreksi_Data!$D$7:$D$2719,">=0"),"-") -> 3.8380282 | I16: =IFERROR(AVERAGEIFS(Koreksi_Data!$F$7:$F$2719,Koreksi_Data!$B$7:$B$2719,$A16,Koreksi_Data!$D$7:$D$2719,">=0"),"-") -> 1.0876729 | J16: =INDEX(Koreksi_Data!$F$7:$F$2719,MATCH($A16,Koreksi_Data!$B$7:$B$2719,0)+COUNTIF(Koreksi_Data!$B$7:$B$2719,$A16)-1) -> 1 | K16: =SUMPRODUCT((Koreksi_Data!$B$7:$B$2719=$A16)*Koreksi_Data!$D$7:$D$2719*Koreksi_Data!$T$7:$T$2719)/1000 -> 111.87881 | L16: =SUMPRODUCT((Koreksi_Data!$B$7:$B$2719=$A16)*Koreksi_Data!$G$7:$G$2719*Koreksi_Data!$T$7:$T$2719)/1000 -> 99.872267 | M16: =IF(K16=0,"-",L16/K16-1) -> -0.10731741 | N16: =IFERROR(SUMPRODUCT((Koreksi_Data!$B$7:$B$2719=$A16)*ISNUMBER(Koreksi_Data!$E$7:$E$2719)*Koreksi_Data!$D$7:$D$2719)/SUMPRODUCT((Koreksi_Data!$B$7:$B$2719=$A16)*ISNUMBER(Koreksi_Data!$D$7:$D$2719)*Koreksi_Data!$E$7:$E$2719),"-") -> 1.1179674
A17: KKNB-1 | B17: =_xlfn.MINIFS(Koreksi_Data!$C$7:$C$2719,Koreksi_Data!$B$7:$B$2719,$A17) -> 42461 | C17: =_xlfn.MAXIFS(Koreksi_Data!$C$7:$C$2719,Koreksi_Data!$B$7:$B$2719,$A17) -> 46235 | D17: =COUNTIFS(Koreksi_Data!$B$7:$B$2719,$A17,Koreksi_Data!$D$7:$D$2719,">=0") -> 104 | E17: =COUNTIFS(Koreksi_Data!$B$7:$B$2719,$A17,Koreksi_Data!$E$7:$E$2719,">=0") -> 39 | F17: =SUMPRODUCT((Koreksi_Data!$B$7:$B$2719=$A17)*ISNUMBER(Koreksi_Data!$E$7:$E$2719)*(Koreksi_Data!$D$7:$D$2719>0)) -> 0 | G17: =IFERROR(_xlfn.MINIFS(Koreksi_Data!$F$7:$F$2719,Koreksi_Data!$B$7:$B$2719,$A17,Koreksi_Data!$D$7:$D$2719,">=0"),"-") -> 1 | H17: =IFERROR(_xlfn.MAXIFS(Koreksi_Data!$F$7:$F$2719,Koreksi_Data!$B$7:$B$2719,$A17,Koreksi_Data!$D$7:$D$2719,">=0"),"-") -> 1 | I17: =IFERROR(AVERAGEIFS(Koreksi_Data!$F$7:$F$2719,Koreksi_Data!$B$7:$B$2719,$A17,Koreksi_Data!$D$7:$D$2719,">=0"),"-") -> 1 | J17: =INDEX(Koreksi_Data!$F$7:$F$2719,MATCH($A17,Koreksi_Data!$B$7:$B$2719,0)+COUNTIF(Koreksi_Data!$B$7:$B$2719,$A17)-1) -> 1 | K17: =SUMPRODUCT((Koreksi_Data!$B$7:$B$2719=$A17)*Koreksi_Data!$D$7:$D$2719*Koreksi_Data!$T$7:$T$2719)/1000 -> 0 | L17: =SUMPRODUCT((Koreksi_Data!$B$7:$B$2719=$A17)*Koreksi_Data!$G$7:$G$2719*Koreksi_Data!$T$7:$T$2719)/1000 -> 0 | M17: =IF(K17=0,"-",L17/K17-1) -> - | N17: =IFERROR(SUMPRODUCT((Koreksi_Data!$B$7:$B$2719=$A17)*ISNUMBER(Koreksi_Data!$E$7:$E$2719)*Koreksi_Data!$D$7:$D$2719)/SUMPRODUCT((Koreksi_Data!$B$7:$B$2719=$A17)*ISNUMBER(Koreksi_Data!$D$7:$D$2719)*Koreksi_Data!$E$7:$E$2719),"-") -> -
... A20: KKNB-2 | B20: =_xlfn.MINIFS(Koreksi_Data!$C$7:$C$2719,Koreksi_Data!$B$7:$B$2719,$A20) -> 36281 | C20: =_xlfn.MAXIFS(Koreksi_Data!$C$7:$C$2719,Koreksi_Data!$B$7:$B$2719,$A20) -> 45748 | D20: =COUNTIFS(Koreksi_Data!$B$7:$B$2719,$A20,Koreksi_Data!$D$7:$D$2719,">=0") -> 279 | E20: =COUNTIFS(Koreksi_Data!$B$7:$B$2719,$A20,Koreksi_Data!$E$7:$E$2719,">=0") -> 55 | F20: =SUMPRODUCT((Koreksi_Data!$B$7:$B$2719=$A20)*ISNUMBER(Koreksi_Data!$E$7:$E$2719)*(Koreksi_Data!$D$7:$D$2719>0)) -> 37 | G20: =IFERROR(_xlfn.MINIFS(Koreksi_Data!$F$7:$F$2719,Koreksi_Data!$B$7:$B$2719,$A20,Koreksi_Data!$D$7:$D$2719,">=0"),"-") -> 0 | H20: =IFERROR(_xlfn.MAXIFS(Koreksi_Data!$F$7:$F$2719,Koreksi_Data!$B$7:$B$2719,$A20,Koreksi_Data!$D$7:$D$2719,">=0"),"-") -> 2.4351145 | I20: =IFERROR(AVERAGEIFS(Koreksi_Data!$F$7:$F$2719,Koreksi_Data!$B$7:$B$2719,$A20,Koreksi_Data!$D$7:$D$2719,">=0"),"-") -> 1.3575873 | J20: =INDEX(Koreksi_Data!$F$7:$F$2719,MATCH($A20,Koreksi_Data!$B$7:$B$2719,0)+COUNTIF(Koreksi_Data!$B$7:$B$2719,$A20)-1) -> 1 | K20: =SUMPRODUCT((Koreksi_Data!$B$7:$B$2719=$A20)*Koreksi_Data!$D$7:$D$2719*Koreksi_Data!$T$7:$T$2719)/1000 -> 894.75838 | L20: =SUMPRODUCT((Koreksi_Data!$B$7:$B$2719=$A20)*Koreksi_Data!$G$7:$G$2719*Koreksi_Data!$T$7:$T$2719)/1000 -> 1130.505 | M20: =IF(K20=0,"-",L20/K20-1) -> 0.26347519 | N20: =IFERROR(SUMPRODUCT((Koreksi_Data!$B$7:$B$2719=$A20)*ISNUMBER(Koreksi_Data!$E$7:$E$2719)*Koreksi_Data!$D$7:$D$2719)/SUMPRODUCT((Koreksi_Data!$B$7:$B$2719=$A20)*ISNUMBER(Koreksi_Data!$D$7:$D$2719)*Koreksi_Data!$E$7:$E$2719),"-") -> 0.88460968
A21: TOTAL LAPANGAN | K21: =SUM(K6:K20) -> 5910.6768 | L21: =SUM(L6:L20) -> 8007.2857 | M21: =IF(K21=0,"-",L21/K21-1) -> 0.35471553
A24: GAS (MCFPD) | kumulatif dalam MMscf
A25: Sumur | B25: Awal data | C25: Akhir data | D25: Bulan Prod | E25: Bulan WT | F25: Titik koreksi | G25: Multiplier min | H25: Multiplier maks | I25: Multiplier rata-rata | J25: Multiplier terakhir | K25: Kum. Sebelum | L25: Kum. Sesudah | M25: Selisih (%) | N25: Prod/WT sebelum (bulan WT)
A26: KKA-1 | B26: =_xlfn.MINIFS(Koreksi_Data!$C$7:$C$2719,Koreksi_Data!$B$7:$B$2719,$A26) -> 37438 | C26: =_xlfn.MAXIFS(Koreksi_Data!$C$7:$C$2719,Koreksi_Data!$B$7:$B$2719,$A26) -> 46266 | D26: =COUNTIFS(Koreksi_Data!$B$7:$B$2719,$A26,Koreksi_Data!$H$7:$H$2719,">=0") -> 272 | E26: =COUNTIFS(Koreksi_Data!$B$7:$B$2719,$A26,Koreksi_Data!$I$7:$I$2719,">=0") -> 152 | F26: =SUMPRODUCT((Koreksi_Data!$B$7:$B$2719=$A26)*ISNUMBER(Koreksi_Data!$I$7:$I$2719)*(Koreksi_Data!$H$7:$H$2719>0)) -> 117 | G26: =IFERROR(_xlfn.MINIFS(Koreksi_Data!$J$7:$J$2719,Koreksi_Data!$B$7:$B$2719,$A26,Koreksi_Data!$H$7:$H$2719,">=0"),"-") -> 0 | H26: =IFERROR(_xlfn.MAXIFS(Koreksi_Data!$J$7:$J$2719,Koreksi_Data!$B$7:$B$2719,$A26,Koreksi_Data!$H$7:$H$2719,">=0"),"-") -> 16.506224 | I26: =IFERROR(AVERAGEIFS(Koreksi_Data!$J$7:$J$2719,Koreksi_Data!$B$7:$B$2719,$A26,Koreksi_Data!$H$7:$H$2719,">=0"),"-") -> 1.7620945 | J26: =INDEX(Koreksi_Data!$J$7:$J$2719,MATCH($A26,Koreksi_Data!$B$7:$B$2719,0)+COUNTIF(Koreksi_Data!$B$7:$B$2719,$A26)-1) -> 1 | K26: =SUMPRODUCT((Koreksi_Data!$B$7:$B$2719=$A26)*Koreksi_Data!$H$7:$H$2719*Koreksi_Data!$T$7:$T$2719)/1000 -> 15520.589 | L26: =SUMPRODUCT((Koreksi_Data!$B$7:$B$2719=$A26)*Koreksi_Data!$K$7:$K$2719*Koreksi_Data!$T$7:$T$2719)/1000 -> 19284.1 | M26: =IF(K26=0,"-",L26/K26-1) -> 0.24248503 | N26: =IFERROR(SUMPRODUCT((Koreksi_Data!$B$7:$B$2719=$A26)*ISNUMBER(Koreksi_Data!$I$7:$I$2719)*Koreksi_Data!$H$7:$H$2719)/SUMPRODUCT((Koreksi_Data!$B$7:$B$2719=$A26)*ISNUMBER(Koreksi_Data!$H$7:$H$2719)*Koreksi_Data!$I$7:$I$2719),"-") -> 0.6493701
A27: KKA-2ST2L | B27: =_xlfn.MINIFS(Koreksi_Data!$C$7:$C$2719,Koreksi_Data!$B$7:$B$2719,$A27) -> 39814 | C27: =_xlfn.MAXIFS(Koreksi_Data!$C$7:$C$2719,Koreksi_Data!$B$7:$B$2719,$A27) -> 42856 | D27: =COUNTIFS(Koreksi_Data!$B$7:$B$2719,$A27,Koreksi_Data!$H$7:$H$2719,">=0") -> 90 | E27: =COUNTIFS(Koreksi_Data!$B$7:$B$2719,$A27,Koreksi_Data!$I$7:$I$2719,">=0") -> 22 | F27: =SUMPRODUCT((Koreksi_Data!$B$7:$B$2719=$A27)*ISNUMBER(Koreksi_Data!$I$7:$I$2719)*(Koreksi_Data!$H$7:$H$2719>0)) -> 8 | G27: =IFERROR(_xlfn.MINIFS(Koreksi_Data!$J$7:$J$2719,Koreksi_Data!$B$7:$B$2719,$A27,Koreksi_Data!$H$7:$H$2719,">=0"),"-") -> 0.8478582 | H27: =IFERROR(_xlfn.MAXIFS(Koreksi_Data!$J$7:$J$2719,Koreksi_Data!$B$7:$B$2719,$A27,Koreksi_Data!$H$7:$H$2719,">=0"),"-") -> 33.256785 | I27: =IFERROR(AVERAGEIFS(Koreksi_Data!$J$7:$J$2719,Koreksi_Data!$B$7:$B$2719,$A27,Koreksi_Data!$H$7:$H$2719,">=0"),"-") -> 10.501915 | J27: =INDEX(Koreksi_Data!$J$7:$J$2719,MATCH($A27,Koreksi_Data!$B$7:$B$2719,0)+COUNTIF(Koreksi_Data!$B$7:$B$2719,$A27)-1) -> 0.8478582 | K27: =SUMPRODUCT((Koreksi_Data!$B$7:$B$2719=$A27)*Koreksi_Data!$H$7:$H$2719*Koreksi_Data!$T$7:$T$2719)/1000 -> 1823.146 | L27: =SUMPRODUCT((Koreksi_Data!$B$7:$B$2719=$A27)*Koreksi_Data!$K$7:$K$2719*Koreksi_Data!$T$7:$T$2719)/1000 -> 16581.88 | M27: =IF(K27=0,"-",L27/K27-1) -> 8.0952012 | N27: =IFERROR(SUMPRODUCT((Koreksi_Data!$B$7:$B$2719=$A27)*ISNUMBER(Koreksi_Data!$I$7:$I$2719)*Koreksi_Data!$H$7:$H$2719)/SUMPRODUCT((Koreksi_Data!$B$7:$B$2719=$A27)*ISNUMBER(Koreksi_Data!$H$7:$H$2719)*Koreksi_Data!$I$7:$I$2719),"-") -> 0.22889552
A28: KKA-3 | B28: =_xlfn.MINIFS(Koreksi_Data!$C$7:$C$2719,Koreksi_Data!$B$7:$B$2719,$A28) -> 39845 | C28: =_xlfn.MAXIFS(Koreksi_Data!$C$7:$C$2719,Koreksi_Data!$B$7:$B$2719,$A28) -> 46266 | D28: =COUNTIFS(Koreksi_Data!$B$7:$B$2719,$A28,Koreksi_Data!$H$7:$H$2719,">=0") -> 193 | E28: =COUNTIFS(Koreksi_Data!$B$7:$B$2719,$A28,Koreksi_Data!$I$7:$I$2719,">=0") -> 78 | F28: =SUMPRODUCT((Koreksi_Data!$B$7:$B$2719=$A28)*ISNUMBER(Koreksi_Data!$I$7:$I$2719)*(Koreksi_Data!$H$7:$H$2719>0)) -> 52 | G28: =IFERROR(_xlfn.MINIFS(Koreksi_Data!$J$7:$J$2719,Koreksi_Data!$B$7:$B$2719,$A28,Koreksi_Data!$H$7:$H$2719,">=0"),"-") -> 0 | H28: =IFERROR(_xlfn.MAXIFS(Koreksi_Data!$J$7:$J$2719,Koreksi_Data!$B$7:$B$2719,$A28,Koreksi_Data!$H$7:$H$2719,">=0"),"-") -> 31.389549 | I28: =IFERROR(AVERAGEIFS(Koreksi_Data!$J$7:$J$2719,Koreksi_Data!$B$7:$B$2719,$A28,Koreksi_Data!$H$7:$H$2719,">=0"),"-") -> 3.411565 | J28: =INDEX(Koreksi_Data!$J$7:$J$2719,MATCH($A28,Koreksi_Data!$B$7:$B$2719,0)+COUNTIF(Koreksi_Data!$B$7:$B$2719,$A28)-1) -> 2.6511628 | K28: =SUMPRODUCT((Koreksi_Data!$B$7:$B$2719=$A28)*Koreksi_Data!$H$7:$H$2719*Koreksi_Data!$T$7:$T$2719)/1000 -> 3793.6932 | L28: =SUMPRODUCT((Koreksi_Data!$B$7:$B$2719=$A28)*Koreksi_Data!$K$7:$K$2719*Koreksi_Data!$T$7:$T$2719)/1000 -> 7090.3859 | M28: =IF(K28=0,"-",L28/K28-1) -> 0.86899296 | N28: =IFERROR(SUMPRODUCT((Koreksi_Data!$B$7:$B$2719=$A28)*ISNUMBER(Koreksi_Data!$I$7:$I$2719)*Koreksi_Data!$H$7:$H$2719)/SUMPRODUCT((Koreksi_Data!$B$7:$B$2719=$A28)*ISNUMBER(Koreksi_Data!$H$7:$H$2719)*Koreksi_Data!$I$7:$I$2719),"-") -> 0.39881875
A29: KKA-4 | B29: =_xlfn.MINIFS(Koreksi_Data!$C$7:$C$2719,Koreksi_Data!$B$7:$B$2719,$A29) -> 40210 | C29: =_xlfn.MAXIFS(Koreksi_Data!$C$7:$C$2719,Koreksi_Data!$B$7:$B$2719,$A29) -> 46113 | D29: =COUNTIFS(Koreksi_Data!$B$7:$B$2719,$A29,Koreksi_Data!$H$7:$H$2719,">=0") -> 172 | E29: =COUNTIFS(Koreksi_Data!$B$7:$B$2719,$A29,Koreksi_Data!$I$7:$I$2719,">=0") -> 92 | F29: =SUMPRODUCT((Koreksi_Data!$B$7:$B$2719=$A29)*ISNUMBER(Koreksi_Data!$I$7:$I$2719)*(Koreksi_Data!$H$7:$H$2719>0)) -> 68 | G29: =IFERROR(_xlfn.MINIFS(Koreksi_Data!$J$7:$J$2719,Koreksi_Data!$B$7:$B$2719,$A29,Koreksi_Data!$H$7:$H$2719,">=0"),"-") -> 0.64076859 | H29: =IFERROR(_xlfn.MAXIFS(Koreksi_Data!$J$7:$J$2719,Koreksi_Data!$B$7:$B$2719,$A29,Koreksi_Data!$H$7:$H$2719,">=0"),"-") -> 15.472393 | I29: =IFERROR(AVERAGEIFS(Koreksi_Data!$J$7:$J$2719,Koreksi_Data!$B$7:$B$2719,$A29,Koreksi_Data!$H$7:$H$2719,">=0"),"-") -> 2.6306278 | J29: =INDEX(Koreksi_Data!$J$7:$J$2719,MATCH($A29,Koreksi_Data!$B$7:$B$2719,0)+COUNTIF(Koreksi_Data!$B$7:$B$2719,$A29)-1) -> 1.0447427 | K29: =SUMPRODUCT((Koreksi_Data!$B$7:$B$2719=$A29)*Koreksi_Data!$H$7:$H$2719*Koreksi_Data!$T$7:$T$2719)/1000 -> 3916.789 | L29: =SUMPRODUCT((Koreksi_Data!$B$7:$B$2719=$A29)*Koreksi_Data!$K$7:$K$2719*Koreksi_Data!$T$7:$T$2719)/1000 -> 9650.2676 | M29: =IF(K29=0,"-",L29/K29-1) -> 1.4638212 | N29: =IFERROR(SUMPRODUCT((Koreksi_Data!$B$7:$B$2719=$A29)*ISNUMBER(Koreksi_Data!$I$7:$I$2719)*Koreksi_Data!$H$7:$H$2719)/SUMPRODUCT((Koreksi_Data!$B$7:$B$2719=$A29)*ISNUMBER(Koreksi_Data!$H$7:$H$2719)*Koreksi_Data!$I$7:$I$2719),"-") -> 0.33368465
A30: KKNA-1L | B30: =_xlfn.MINIFS(Koreksi_Data!$C$7:$C$2719,Koreksi_Data!$B$7:$B$2719,$A30) -> 36161 | C30: =_xlfn.MAXIFS(Koreksi_Data!$C$7:$C$2719,Koreksi_Data!$B$7:$B$2719,$A30) -> 42430 | D30: =COUNTIFS(Koreksi_Data!$B$7:$B$2719,$A30,Koreksi_Data!$H$7:$H$2719,">=0") -> 151 | E30: =COUNTIFS(Koreksi_Data!$B$7:$B$2719,$A30,Koreksi_Data!$I$7:$I$2719,">=0") -> 59 | F30: =SUMPRODUCT((Koreksi_Data!$B$7:$B$2719=$A30)*ISNUMBER(Koreksi_Data!$I$7:$I$2719)*(Koreksi_Data!$H$7:$H$2719>0)) -> 59 | G30: =IFERROR(_xlfn.MINIFS(Koreksi_Data!$J$7:$J$2719,Koreksi_Data!$B$7:$B$2719,$A30,Koreksi_Data!$H$7:$H$2719,">=0"),"-") -> 0 | H30: =IFERROR(_xlfn.MAXIFS(Koreksi_Data!$J$7:$J$2719,Koreksi_Data!$B$7:$B$2719,$A30,Koreksi_Data!$H$7:$H$2719,">=0"),"-") -> 6.0933713 | I30: =IFERROR(AVERAGEIFS(Koreksi_Data!$J$7:$J$2719,Koreksi_Data!$B$7:$B$2719,$A30,Koreksi_Data!$H$7:$H$2719,">=0"),"-") -> 2.4321359 | J30: =INDEX(Koreksi_Data!$J$7:$J$2719,MATCH($A30,Koreksi_Data!$B$7:$B$2719,0)+COUNTIF(Koreksi_Data!$B$7:$B$2719,$A30)-1) -> 0 | K30: =SUMPRODUCT((Koreksi_Data!$B$7:$B$2719=$A30)*Koreksi_Data!$H$7:$H$2719*Koreksi_Data!$T$7:$T$2719)/1000 -> 7525.571 | L30: =SUMPRODUCT((Koreksi_Data!$B$7:$B$2719=$A30)*Koreksi_Data!$K$7:$K$2719*Koreksi_Data!$T$7:$T$2719)/1000 -> 16605.424 | M30: =IF(K30=0,"-",L30/K30-1) -> 1.2065334 | N30: =IFERROR(SUMPRODUCT((Koreksi_Data!$B$7:$B$2719=$A30)*ISNUMBER(Koreksi_Data!$I$7:$I$2719)*Koreksi_Data!$H$7:$H$2719)/SUMPRODUCT((Koreksi_Data!$B$7:$B$2719=$A30)*ISNUMBER(Koreksi_Data!$H$7:$H$2719)*Koreksi_Data!$I$7:$I$2719),"-") -> 0.43700201
A31: KKNA-1S | B31: =_xlfn.MINIFS(Koreksi_Data!$C$7:$C$2719,Koreksi_Data!$B$7:$B$2719,$A31) -> 36495 | C31: =_xlfn.MAXIFS(Koreksi_Data!$C$7:$C$2719,Koreksi_Data!$B$7:$B$2719,$A31) -> 42430 | D31: =COUNTIFS(Koreksi_Data!$B$7:$B$2719,$A31,Koreksi_Data!$H$7:$H$2719,">=0") -> 139 | E31: =COUNTIFS(Koreksi_Data!$B$7:$B$2719,$A31,Koreksi_Data!$I$7:$I$2719,">=0") -> 56 | F31: =SUMPRODUCT((Koreksi_Data!$B$7:$B$2719=$A31)*ISNUMBER(Koreksi_Data!$I$7:$I$2719)*(Koreksi_Data!$H$7:$H$2719>0)) -> 56 | G31: =IFERROR(_xlfn.MINIFS(Koreksi_Data!$J$7:$J$2719,Koreksi_Data!$B$7:$B$2719,$A31,Koreksi_Data!$H$7:$H$2719,">=0"),"-") -> 0.2009072 | H31: =IFERROR(_xlfn.MAXIFS(Koreksi_Data!$J$7:$J$2719,Koreksi_Data!$B$7:$B$2719,$A31,Koreksi_Data!$H$7:$H$2719,">=0"),"-") -> 49.363636 | I31: =IFERROR(AVERAGEIFS(Koreksi_Data!$J$7:$J$2719,Koreksi_Data!$B$7:$B$2719,$A31,Koreksi_Data!$H$7:$H$2719,">=0"),"-") -> 2.4183233 | J31: =INDEX(Koreksi_Data!$J$7:$J$2719,MATCH($A31,Koreksi_Data!$B$7:$B$2719,0)+COUNTIF(Koreksi_Data!$B$7:$B$2719,$A31)-1) -> 0.76881464 | K31: =SUMPRODUCT((Koreksi_Data!$B$7:$B$2719=$A31)*Koreksi_Data!$H$7:$H$2719*Koreksi_Data!$T$7:$T$2719)/1000 -> 9949.6532 | L31: =SUMPRODUCT((Koreksi_Data!$B$7:$B$2719=$A31)*Koreksi_Data!$K$7:$K$2719*Koreksi_Data!$T$7:$T$2719)/1000 -> 13103.962 | M31: =IF(K31=0,"-",L31/K31-1) -> 0.31702702 | N31: =IFERROR(SUMPRODUCT((Koreksi_Data!$B$7:$B$2719=$A31)*ISNUMBER(Koreksi_Data!$I$7:$I$2719)*Koreksi_Data!$H$7:$H$2719)/SUMPRODUCT((Koreksi_Data!$B$7:$B$2719=$A31)*ISNUMBER(Koreksi_Data!$H$7:$H$2719)*Koreksi_Data!$I$7:$I$2719),"-") -> 0.74890949
A32: KKNA-2 | B32: =_xlfn.MINIFS(Koreksi_Data!$C$7:$C$2719,Koreksi_Data!$B$7:$B$2719,$A32) -> 36161 | C32: =_xlfn.MAXIFS(Koreksi_Data!$C$7:$C$2719,Koreksi_Data!$B$7:$B$2719,$A32) -> 45505 | D32: =COUNTIFS(Koreksi_Data!$B$7:$B$2719,$A32,Koreksi_Data!$H$7:$H$2719,">=0") -> 153 | E32: =COUNTIFS(Koreksi_Data!$B$7:$B$2719,$A32,Koreksi_Data!$I$7:$I$2719,">=0") -> 54 | F32: =SUMPRODUCT((Koreksi_Data!$B$7:$B$2719=$A32)*ISNUMBER(Koreksi_Data!$I$7:$I$2719)*(Koreksi_Data!$H$7:$H$2719>0)) -> 49 | G32: =IFERROR(_xlfn.MINIFS(Koreksi_Data!$J$7:$J$2719,Koreksi_Data!$B$7:$B$2719,$A32,Koreksi_Data!$H$7:$H$2719,">=0"),"-") -> 0 | H32: =IFERROR(_xlfn.MAXIFS(Koreksi_Data!$J$7:$J$2719,Koreksi_Data!$B$7:$B$2719,$A32,Koreksi_Data!$H$7:$H$2719,">=0"),"-") -> 6.0931677 | I32: =IFERROR(AVERAGEIFS(Koreksi_Data!$J$7:$J$2719,Koreksi_Data!$B$7:$B$2719,$A32,Koreksi_Data!$H$7:$H$2719,">=0"),"-") -> 2.2316683 | J32: =INDEX(Koreksi_Data!$J$7:$J$2719,MATCH($A32,Koreksi_Data!$B$7:$B$2719,0)+COUNTIF(Koreksi_Data!$B$7:$B$2719,$A32)-1) -> 1.5846679 | K32: =SUMPRODUCT((Koreksi_Data!$B$7:$B$2719=$A32)*Koreksi_Data!$H$7:$H$2719*Koreksi_Data!$T$7:$T$2719)/1000 -> 4722.249 | L32: =SUMPRODUCT((Koreksi_Data!$B$7:$B$2719=$A32)*Koreksi_Data!$K$7:$K$2719*Koreksi_Data!$T$7:$T$2719)/1000 -> 11400.825 | M32: =IF(K32=0,"-",L32/K32-1) -> 1.4142786 | N32: =IFERROR(SUMPRODUCT((Koreksi_Data!$B$7:$B$2719=$A32)*ISNUMBER(Koreksi_Data!$I$7:$I$2719)*Koreksi_Data!$H$7:$H$2719)/SUMPRODUCT((Koreksi_Data!$B$7:$B$2719=$A32)*ISNUMBER(Koreksi_Data!$H$7:$H$2719)*Koreksi_Data!$I$7:$I$2719),"-") -> 0.45414571
A33: KKNA-3 | B33: =_xlfn.MINIFS(Koreksi_Data!$C$7:$C$2719,Koreksi_Data!$B$7:$B$2719,$A33) -> 37622 | C33: =_xlfn.MAXIFS(Koreksi_Data!$C$7:$C$2719,Koreksi_Data!$B$7:$B$2719,$A33) -> 42552 | D33: =COUNTIFS(Koreksi_Data!$B$7:$B$2719,$A33,Koreksi_Data!$H$7:$H$2719,">=0") -> 131 | E33: =COUNTIFS(Koreksi_Data!$B$7:$B$2719,$A33,Koreksi_Data!$I$7:$I$2719,">=0") -> 62 | F33: =SUMPRODUCT((Koreksi_Data!$B$7:$B$2719=$A33)*ISNUMBER(Koreksi_Data!$I$7:$I$2719)*(Koreksi_Data!$H$7:$H$2719>0)) -> 48 | G33: =IFERROR(_xlfn.MINIFS(Koreksi_Data!$J$7:$J$2719,Koreksi_Data!$B$7:$B$2719,$A33,Koreksi_Data!$H$7:$H$2719,">=0"),"-") -> 0.55561808 | H33: =IFERROR(_xlfn.MAXIFS(Koreksi_Data!$J$7:$J$2719,Koreksi_Data!$B$7:$B$2719,$A33,Koreksi_Data!$H$7:$H$2719,">=0"),"-") -> 3.0465612 | I33: =IFERROR(AVERAGEIFS(Koreksi_Data!$J$7:$J$2719,Koreksi_Data!$B$7:$B$2719,$A33,Koreksi_Data!$H$7:$H$2719,">=0"),"-") -> 1.4981634 | J33: =INDEX(Koreksi_Data!$J$7:$J$2719,MATCH($A33,Koreksi_Data!$B$7:$B$2719,0)+COUNTIF(Koreksi_Data!$B$7:$B$2719,$A33)-1) -> 1.869863 | K33: =SUMPRODUCT((Koreksi_Data!$B$7:$B$2719=$A33)*Koreksi_Data!$H$7:$H$2719*Koreksi_Data!$T$7:$T$2719)/1000 -> 12751.505 | L33: =SUMPRODUCT((Koreksi_Data!$B$7:$B$2719=$A33)*Koreksi_Data!$K$7:$K$2719*Koreksi_Data!$T$7:$T$2719)/1000 -> 15218.285 | M33: =IF(K33=0,"-",L33/K33-1) -> 0.19345008 | N33: =IFERROR(SUMPRODUCT((Koreksi_Data!$B$7:$B$2719=$A33)*ISNUMBER(Koreksi_Data!$I$7:$I$2719)*Koreksi_Data!$H$7:$H$2719)/SUMPRODUCT((Koreksi_Data!$B$7:$B$2719=$A33)*ISNUMBER(Koreksi_Data!$H$7:$H$2719)*Koreksi_Data!$I$7:$I$2719),"-") -> 0.65669987
A34: KKNA-3ST | B34: =_xlfn.MINIFS(Koreksi_Data!$C$7:$C$2719,Koreksi_Data!$B$7:$B$2719,$A34) -> 41153 | C34: =_xlfn.MAXIFS(Koreksi_Data!$C$7:$C$2719,Koreksi_Data!$B$7:$B$2719,$A34) -> 46235 | D34: =COUNTIFS(Koreksi_Data!$B$7:$B$2719,$A34,Koreksi_Data!$H$7:$H$2719,">=0") -> 152 | E34: =COUNTIFS(Koreksi_Data!$B$7:$B$2719,$A34,Koreksi_Data!$I$7:$I$2719,">=0") -> 89 | F34: =SUMPRODUCT((Koreksi_Data!$B$7:$B$2719=$A34)*ISNUMBER(Koreksi_Data!$I$7:$I$2719)*(Koreksi_Data!$H$7:$H$2719>0)) -> 78 | G34: =IFERROR(_xlfn.MINIFS(Koreksi_Data!$J$7:$J$2719,Koreksi_Data!$B$7:$B$2719,$A34,Koreksi_Data!$H$7:$H$2719,">=0"),"-") -> 0 | H34: =IFERROR(_xlfn.MAXIFS(Koreksi_Data!$J$7:$J$2719,Koreksi_Data!$B$7:$B$2719,$A34,Koreksi_Data!$H$7:$H$2719,">=0"),"-") -> 24.419192 | I34: =IFERROR(AVERAGEIFS(Koreksi_Data!$J$7:$J$2719,Koreksi_Data!$B$7:$B$2719,$A34,Koreksi_Data!$H$7:$H$2719,">=0"),"-") -> 2.1650793 | J34: =INDEX(Koreksi_Data!$J$7:$J$2719,MATCH($A34,Koreksi_Data!$B$7:$B$2719,0)+COUNTIF(Koreksi_Data!$B$7:$B$2719,$A34)-1) -> 1.103404 | K34: =SUMPRODUCT((Koreksi_Data!$B$7:$B$2719=$A34)*Koreksi_Data!$H$7:$H$2719*Koreksi_Data!$T$7:$T$2719)/1000 -> 6729.827 | L34: =SUMPRODUCT((Koreksi_Data!$B$7:$B$2719=$A34)*Koreksi_Data!$K$7:$K$2719*Koreksi_Data!$T$7:$T$2719)/1000 -> 10189.507 | M34: =IF(K34=0,"-",L34/K34-1) -> 0.51408159 | N34: =IFERROR(SUMPRODUCT((Koreksi_Data!$B$7:$B$2719=$A34)*ISNUMBER(Koreksi_Data!$I$7:$I$2719)*Koreksi_Data!$H$7:$H$2719)/SUMPRODUCT((Koreksi_Data!$B$7:$B$2719=$A34)*ISNUMBER(Koreksi_Data!$H$7:$H$2719)*Koreksi_Data!$I$7:$I$2719),"-") -> 0.75558264
A35: KKNA-4 | B35: =_xlfn.MINIFS(Koreksi_Data!$C$7:$C$2719,Koreksi_Data!$B$7:$B$2719,$A35) -> 38353 | C35: =_xlfn.MAXIFS(Koreksi_Data!$C$7:$C$2719,Koreksi_Data!$B$7:$B$2719,$A35) -> 46235 | D35: =COUNTIFS(Koreksi_Data!$B$7:$B$2719,$A35,Koreksi_Data!$H$7:$H$2719,">=0") -> 244 | E35: =COUNTIFS(Koreksi_Data!$B$7:$B$2719,$A35,Koreksi_Data!$I$7:$I$2719,">=0") -> 102 | F35: =SUMPRODUCT((Koreksi_Data!$B$7:$B$2719=$A35)*ISNUMBER(Koreksi_Data!$I$7:$I$2719)*(Koreksi_Data!$H$7:$H$2719>0)) -> 74 | G35: =IFERROR(_xlfn.MINIFS(Koreksi_Data!$J$7:$J$2719,Koreksi_Data!$B$7:$B$2719,$A35,Koreksi_Data!$H$7:$H$2719,">=0"),"-") -> 0 | H35: =IFERROR(_xlfn.MAXIFS(Koreksi_Data!$J$7:$J$2719,Koreksi_Data!$B$7:$B$2719,$A35,Koreksi_Data!$H$7:$H$2719,">=0"),"-") -> 2.4202112 | I35: =IFERROR(AVERAGEIFS(Koreksi_Data!$J$7:$J$2719,Koreksi_Data!$B$7:$B$2719,$A35,Koreksi_Data!$H$7:$H$2719,">=0"),"-") -> 1.4111633 | J35: =INDEX(Koreksi_Data!$J$7:$J$2719,MATCH($A35,Koreksi_Data!$B$7:$B$2719,0)+COUNTIF(Koreksi_Data!$B$7:$B$2719,$A35)-1) -> 1.0303797 | K35: =SUMPRODUCT((Koreksi_Data!$B$7:$B$2719=$A35)*Koreksi_Data!$H$7:$H$2719*Koreksi_Data!$T$7:$T$2719)/1000 -> 13894.936 | L35: =SUMPRODUCT((Koreksi_Data!$B$7:$B$2719=$A35)*Koreksi_Data!$K$7:$K$2719*Koreksi_Data!$T$7:$T$2719)/1000 -> 16699.966 | M35: =IF(K35=0,"-",L35/K35-1) -> 0.20187427 | N35: =IFERROR(SUMPRODUCT((Koreksi_Data!$B$7:$B$2719=$A35)*ISNUMBER(Koreksi_Data!$I$7:$I$2719)*Koreksi_Data!$H$7:$H$2719)/SUMPRODUCT((Koreksi_Data!$B$7:$B$2719=$A35)*ISNUMBER(Koreksi_Data!$H$7:$H$2719)*Koreksi_Data!$I$7:$I$2719),"-") -> 0.65011068
A36: KKNA-5ST | B36: =_xlfn.MINIFS(Koreksi_Data!$C$7:$C$2719,Koreksi_Data!$B$7:$B$2719,$A36) -> 41153 | C36: =_xlfn.MAXIFS(Koreksi_Data!$C$7:$C$2719,Koreksi_Data!$B$7:$B$2719,$A36) -> 45748 | D36: =COUNTIFS(Koreksi_Data!$B$7:$B$2719,$A36,Koreksi_Data!$H$7:$H$2719,">=0") -> 152 | E36: =COUNTIFS(Koreksi_Data!$B$7:$B$2719,$A36,Koreksi_Data!$I$7:$I$2719,">=0") -> 70 | F36: =SUMPRODUCT((Koreksi_Data!$B$7:$B$2719=$A36)*ISNUMBER(Koreksi_Data!$I$7:$I$2719)*(Koreksi_Data!$H$7:$H$2719>0)) -> 70 | G36: =IFERROR(_xlfn.MINIFS(Koreksi_Data!$J$7:$J$2719,Koreksi_Data!$B$7:$B$2719,$A36,Koreksi_Data!$H$7:$H$2719,">=0"),"-") -> 0.55362319 | H36: =IFERROR(_xlfn.MAXIFS(Koreksi_Data!$J$7:$J$2719,Koreksi_Data!$B$7:$B$2719,$A36,Koreksi_Data!$H$7:$H$2719,">=0"),"-") -> 15.313408 | I36: =IFERROR(AVERAGEIFS(Koreksi_Data!$J$7:$J$2719,Koreksi_Data!$B$7:$B$2719,$A36,Koreksi_Data!$H$7:$H$2719,">=0"),"-") -> 2.3070951 | J36: =INDEX(Koreksi_Data!$J$7:$J$2719,MATCH($A36,Koreksi_Data!$B$7:$B$2719,0)+COUNTIF(Koreksi_Data!$B$7:$B$2719,$A36)-1) -> 1.375 | K36: =SUMPRODUCT((Koreksi_Data!$B$7:$B$2719=$A36)*Koreksi_Data!$H$7:$H$2719*Koreksi_Data!$T$7:$T$2719)/1000 -> 3282.831 | L36: =SUMPRODUCT((Koreksi_Data!$B$7:$B$2719=$A36)*Koreksi_Data!$K$7:$K$2719*Koreksi_Data!$T$7:$T$2719)/1000 -> 5384.4027 | M36: =IF(K36=0,"-",L36/K36-1) -> 0.64017053 | N36: =IFERROR(SUMPRODUCT((Koreksi_Data!$B$7:$B$2719=$A36)*ISNUMBER(Koreksi_Data!$I$7:$I$2719)*Koreksi_Data!$H$7:$H$2719)/SUMPRODUCT((Koreksi_Data!$B$7:$B$2719=$A36)*ISNUMBER(Koreksi_Data!$H$7:$H$2719)*Koreksi_Data!$I$7:$I$2719),"-") -> 0.68076331
A37: KKNB-1 | B37: =_xlfn.MINIFS(Koreksi_Data!$C$7:$C$2719,Koreksi_Data!$B$7:$B$2719,$A37) -> 42461 | C37: =_xlfn.MAXIFS(Koreksi_Data!$C$7:$C$2719,Koreksi_Data!$B$7:$B$2719,$A37) -> 46235 | D37: =COUNTIFS(Koreksi_Data!$B$7:$B$2719,$A37,Koreksi_Data!$H$7:$H$2719,">=0") -> 104 | E37: =COUNTIFS(Koreksi_Data!$B$7:$B$2719,$A37,Koreksi_Data!$I$7:$I$2719,">=0") -> 39 | F37: =SUMPRODUCT((Koreksi_Data!$B$7:$B$2719=$A37)*ISNUMBER(Koreksi_Data!$I$7:$I$2719)*(Koreksi_Data!$H$7:$H$2719>0)) -> 29 | G37: =IFERROR(_xlfn.MINIFS(Koreksi_Data!$J$7:$J$2719,Koreksi_Data!$B$7:$B$2719,$A37,Koreksi_Data!$H$7:$H$2719,">=0"),"-") -> 0.73360107 | H37: =IFERROR(_xlfn.MAXIFS(Koreksi_Data!$J$7:$J$2719,Koreksi_Data!$B$7:$B$2719,$A37,Koreksi_Data!$H$7:$H$2719,">=0"),"-") -> 1.7263279 | I37: =IFERROR(AVERAGEIFS(Koreksi_Data!$J$7:$J$2719,Koreksi_Data!$B$7:$B$2719,$A37,Koreksi_Data!$H$7:$H$2719,">=0"),"-") -> 1.3443061 | J37: =INDEX(Koreksi_Data!$J$7:$J$2719,MATCH($A37,Koreksi_Data!$B$7:$B$2719,0)+COUNTIF(Koreksi_Data!$B$7:$B$2719,$A37)-1) -> 1.0524968 | K37: =SUMPRODUCT((Koreksi_Data!$B$7:$B$2719=$A37)*Koreksi_Data!$H$7:$H$2719*Koreksi_Data!$T$7:$T$2719)/1000 -> 3711.896 | L37: =SUMPRODUCT((Koreksi_Data!$B$7:$B$2719=$A37)*Koreksi_Data!$K$7:$K$2719*Koreksi_Data!$T$7:$T$2719)/1000 -> 5176.1295 | M37: =IF(K37=0,"-",L37/K37-1) -> 0.3944705 | N37: =IFERROR(SUMPRODUCT((Koreksi_Data!$B$7:$B$2719=$A37)*ISNUMBER(Koreksi_Data!$I$7:$I$2719)*Koreksi_Data!$H$7:$H$2719)/SUMPRODUCT((Koreksi_Data!$B$7:$B$2719=$A37)*ISNUMBER(Koreksi_Data!$H$7:$H$2719)*Koreksi_Data!$I$7:$I$2719),"-") -> 0.77922331
... A40: KKNB-2 | B40: =_xlfn.MINIFS(Koreksi_Data!$C$7:$C$2719,Koreksi_Data!$B$7:$B$2719,$A40) -> 36281 | C40: =_xlfn.MAXIFS(Koreksi_Data!$C$7:$C$2719,Koreksi_Data!$B$7:$B$2719,$A40) -> 45748 | D40: =COUNTIFS(Koreksi_Data!$B$7:$B$2719,$A40,Koreksi_Data!$H$7:$H$2719,">=0") -> 279 | E40: =COUNTIFS(Koreksi_Data!$B$7:$B$2719,$A40,Koreksi_Data!$I$7:$I$2719,">=0") -> 55 | F40: =SUMPRODUCT((Koreksi_Data!$B$7:$B$2719=$A40)*ISNUMBER(Koreksi_Data!$I$7:$I$2719)*(Koreksi_Data!$H$7:$H$2719>0)) -> 55 | G40: =IFERROR(_xlfn.MINIFS(Koreksi_Data!$J$7:$J$2719,Koreksi_Data!$B$7:$B$2719,$A40,Koreksi_Data!$H$7:$H$2719,">=0"),"-") -> 0 | H40: =IFERROR(_xlfn.MAXIFS(Koreksi_Data!$J$7:$J$2719,Koreksi_Data!$B$7:$B$2719,$A40,Koreksi_Data!$H$7:$H$2719,">=0"),"-") -> 4.1669866 | I40: =IFERROR(AVERAGEIFS(Koreksi_Data!$J$7:$J$2719,Koreksi_Data!$B$7:$B$2719,$A40,Koreksi_Data!$H$7:$H$2719,">=0"),"-") -> 1.3557225 | J40: =INDEX(Koreksi_Data!$J$7:$J$2719,MATCH($A40,Koreksi_Data!$B$7:$B$2719,0)+COUNTIF(Koreksi_Data!$B$7:$B$2719,$A40)-1) -> 1.1625709 | K40: =SUMPRODUCT((Koreksi_Data!$B$7:$B$2719=$A40)*Koreksi_Data!$H$7:$H$2719*Koreksi_Data!$T$7:$T$2719)/1000 -> 12123.65 | L40: =SUMPRODUCT((Koreksi_Data!$B$7:$B$2719=$A40)*Koreksi_Data!$K$7:$K$2719*Koreksi_Data!$T$7:$T$2719)/1000 -> 15885.022 | M40: =IF(K40=0,"-",L40/K40-1) -> 0.31025082 | N40: =IFERROR(SUMPRODUCT((Koreksi_Data!$B$7:$B$2719=$A40)*ISNUMBER(Koreksi_Data!$I$7:$I$2719)*Koreksi_Data!$H$7:$H$2719)/SUMPRODUCT((Koreksi_Data!$B$7:$B$2719=$A40)*ISNUMBER(Koreksi_Data!$H$7:$H$2719)*Koreksi_Data!$I$7:$I$2719),"-") -> 0.80618117
A41: TOTAL LAPANGAN | K41: =SUM(K26:K40) -> 113588.88 | L41: =SUM(L26:L40) -> 191428.31 | M41: =IF(K41=0,"-",L41/K41-1) -> 0.68527329
A44: WATER (BWPD) | kumulatif dalam MBbl
A45: Sumur | B45: Awal data | C45: Akhir data | D45: Bulan Prod | E45: Bulan WT | F45: Titik koreksi | G45: Multiplier min | H45: Multiplier maks | I45: Multiplier rata-rata | J45: Multiplier terakhir | K45: Kum. Sebelum | L45: Kum. Sesudah | M45: Selisih (%) | N45: Prod/WT sebelum (bulan WT)
A46: KKA-1 | B46: =_xlfn.MINIFS(Koreksi_Data!$C$7:$C$2719,Koreksi_Data!$B$7:$B$2719,$A46) -> 37438 | C46: =_xlfn.MAXIFS(Koreksi_Data!$C$7:$C$2719,Koreksi_Data!$B$7:$B$2719,$A46) -> 46266 | D46: =COUNTIFS(Koreksi_Data!$B$7:$B$2719,$A46,Koreksi_Data!$L$7:$L$2719,">=0") -> 272 | E46: =COUNTIFS(Koreksi_Data!$B$7:$B$2719,$A46,Koreksi_Data!$M$7:$M$2719,">=0") -> 152 | F46: =SUMPRODUCT((Koreksi_Data!$B$7:$B$2719=$A46)*ISNUMBER(Koreksi_Data!$M$7:$M$2719)*(Koreksi_Data!$L$7:$L$2719>0)) -> 113 | G46: =IFERROR(_xlfn.MINIFS(Koreksi_Data!$N$7:$N$2719,Koreksi_Data!$B$7:$B$2719,$A46,Koreksi_Data!$L$7:$L$2719,">=0"),"-") -> 0 | H46: =IFERROR(_xlfn.MAXIFS(Koreksi_Data!$N$7:$N$2719,Koreksi_Data!$B$7:$B$2719,$A46,Koreksi_Data!$L$7:$L$2719,">=0"),"-") -> 5.3038674 | I46: =IFERROR(AVERAGEIFS(Koreksi_Data!$N$7:$N$2719,Koreksi_Data!$B$7:$B$2719,$A46,Koreksi_Data!$L$7:$L$2719,">=0"),"-") -> 1.063282 | J46: =INDEX(Koreksi_Data!$N$7:$N$2719,MATCH($A46,Koreksi_Data!$B$7:$B$2719,0)+COUNTIF(Koreksi_Data!$B$7:$B$2719,$A46)-1) -> 0.85274431 | K46: =SUMPRODUCT((Koreksi_Data!$B$7:$B$2719=$A46)*Koreksi_Data!$L$7:$L$2719*Koreksi_Data!$T$7:$T$2719)/1000 -> 1832.6866 | L46: =SUMPRODUCT((Koreksi_Data!$B$7:$B$2719=$A46)*Koreksi_Data!$O$7:$O$2719*Koreksi_Data!$T$7:$T$2719)/1000 -> 1703.9203 | M46: =IF(K46=0,"-",L46/K46-1) -> -0.070260967 | N46: =IFERROR(SUMPRODUCT((Koreksi_Data!$B$7:$B$2719=$A46)*ISNUMBER(Koreksi_Data!$M$7:$M$2719)*Koreksi_Data!$L$7:$L$2719)/SUMPRODUCT((Koreksi_Data!$B$7:$B$2719=$A46)*ISNUMBER(Koreksi_Data!$L$7:$L$2719)*Koreksi_Data!$M$7:$M$2719),"-") -> 1.2055243
A47: KKA-2ST2L | B47: =_xlfn.MINIFS(Koreksi_Data!$C$7:$C$2719,Koreksi_Data!$B$7:$B$2719,$A47) -> 39814 | C47: =_xlfn.MAXIFS(Koreksi_Data!$C$7:$C$2719,Koreksi_Data!$B$7:$B$2719,$A47) -> 42856 | D47: =COUNTIFS(Koreksi_Data!$B$7:$B$2719,$A47,Koreksi_Data!$L$7:$L$2719,">=0") -> 90 | E47: =COUNTIFS(Koreksi_Data!$B$7:$B$2719,$A47,Koreksi_Data!$M$7:$M$2719,">=0") -> 22 | F47: =SUMPRODUCT((Koreksi_Data!$B$7:$B$2719=$A47)*ISNUMBER(Koreksi_Data!$M$7:$M$2719)*(Koreksi_Data!$L$7:$L$2719>0)) -> 17 | G47: =IFERROR(_xlfn.MINIFS(Koreksi_Data!$N$7:$N$2719,Koreksi_Data!$B$7:$B$2719,$A47,Koreksi_Data!$L$7:$L$2719,">=0"),"-") -> 0 | H47: =IFERROR(_xlfn.MAXIFS(Koreksi_Data!$N$7:$N$2719,Koreksi_Data!$B$7:$B$2719,$A47,Koreksi_Data!$L$7:$L$2719,">=0"),"-") -> 7.3764259 | I47: =IFERROR(AVERAGEIFS(Koreksi_Data!$N$7:$N$2719,Koreksi_Data!$B$7:$B$2719,$A47,Koreksi_Data!$L$7:$L$2719,">=0"),"-") -> 1.1447789 | J47: =INDEX(Koreksi_Data!$N$7:$N$2719,MATCH($A47,Koreksi_Data!$B$7:$B$2719,0)+COUNTIF(Koreksi_Data!$B$7:$B$2719,$A47)-1) -> 1 | K47: =SUMPRODUCT((Koreksi_Data!$B$7:$B$2719=$A47)*Koreksi_Data!$L$7:$L$2719*Koreksi_Data!$T$7:$T$2719)/1000 -> 102.3092 | L47: =SUMPRODUCT((Koreksi_Data!$B$7:$B$2719=$A47)*Koreksi_Data!$O$7:$O$2719*Koreksi_Data!$T$7:$T$2719)/1000 -> 105.37328 | M47: =IF(K47=0,"-",L47/K47-1) -> 0.029949201 | N47: =IFERROR(SUMPRODUCT((Koreksi_Data!$B$7:$B$2719=$A47)*ISNUMBER(Koreksi_Data!$M$7:$M$2719)*Koreksi_Data!$L$7:$L$2719)/SUMPRODUCT((Koreksi_Data!$B$7:$B$2719=$A47)*ISNUMBER(Koreksi_Data!$L$7:$L$2719)*Koreksi_Data!$M$7:$M$2719),"-") -> 1.056237
A48: KKA-3 | B48: =_xlfn.MINIFS(Koreksi_Data!$C$7:$C$2719,Koreksi_Data!$B$7:$B$2719,$A48) -> 39845 | C48: =_xlfn.MAXIFS(Koreksi_Data!$C$7:$C$2719,Koreksi_Data!$B$7:$B$2719,$A48) -> 46266 | D48: =COUNTIFS(Koreksi_Data!$B$7:$B$2719,$A48,Koreksi_Data!$L$7:$L$2719,">=0") -> 193 | E48: =COUNTIFS(Koreksi_Data!$B$7:$B$2719,$A48,Koreksi_Data!$M$7:$M$2719,">=0") -> 78 | F48: =SUMPRODUCT((Koreksi_Data!$B$7:$B$2719=$A48)*ISNUMBER(Koreksi_Data!$M$7:$M$2719)*(Koreksi_Data!$L$7:$L$2719>0)) -> 45 | G48: =IFERROR(_xlfn.MINIFS(Koreksi_Data!$N$7:$N$2719,Koreksi_Data!$B$7:$B$2719,$A48,Koreksi_Data!$L$7:$L$2719,">=0"),"-") -> 0.092209857 | H48: =IFERROR(_xlfn.MAXIFS(Koreksi_Data!$N$7:$N$2719,Koreksi_Data!$B$7:$B$2719,$A48,Koreksi_Data!$L$7:$L$2719,">=0"),"-") -> 3.4652778 | I48: =IFERROR(AVERAGEIFS(Koreksi_Data!$N$7:$N$2719,Koreksi_Data!$B$7:$B$2719,$A48,Koreksi_Data!$L$7:$L$2719,">=0"),"-") -> 0.78459591 | J48: =INDEX(Koreksi_Data!$N$7:$N$2719,MATCH($A48,Koreksi_Data!$B$7:$B$2719,0)+COUNTIF(Koreksi_Data!$B$7:$B$2719,$A48)-1) -> 0.75362319 | K48: =SUMPRODUCT((Koreksi_Data!$B$7:$B$2719=$A48)*Koreksi_Data!$L$7:$L$2719*Koreksi_Data!$T$7:$T$2719)/1000 -> 2059.0875 | L48: =SUMPRODUCT((Koreksi_Data!$B$7:$B$2719=$A48)*Koreksi_Data!$O$7:$O$2719*Koreksi_Data!$T$7:$T$2719)/1000 -> 1657.3063 | M48: =IF(K48=0,"-",L48/K48-1) -> -0.19512585 | N48: =IFERROR(SUMPRODUCT((Koreksi_Data!$B$7:$B$2719=$A48)*ISNUMBER(Koreksi_Data!$M$7:$M$2719)*Koreksi_Data!$L$7:$L$2719)/SUMPRODUCT((Koreksi_Data!$B$7:$B$2719=$A48)*ISNUMBER(Koreksi_Data!$L$7:$L$2719)*Koreksi_Data!$M$7:$M$2719),"-") -> 1.2661824
A49: KKA-4 | B49: =_xlfn.MINIFS(Koreksi_Data!$C$7:$C$2719,Koreksi_Data!$B$7:$B$2719,$A49) -> 40210 | C49: =_xlfn.MAXIFS(Koreksi_Data!$C$7:$C$2719,Koreksi_Data!$B$7:$B$2719,$A49) -> 46113 | D49: =COUNTIFS(Koreksi_Data!$B$7:$B$2719,$A49,Koreksi_Data!$L$7:$L$2719,">=0") -> 172 | E49: =COUNTIFS(Koreksi_Data!$B$7:$B$2719,$A49,Koreksi_Data!$M$7:$M$2719,">=0") -> 92 | F49: =SUMPRODUCT((Koreksi_Data!$B$7:$B$2719=$A49)*ISNUMBER(Koreksi_Data!$M$7:$M$2719)*(Koreksi_Data!$L$7:$L$2719>0)) -> 82 | G49: =IFERROR(_xlfn.MINIFS(Koreksi_Data!$N$7:$N$2719,Koreksi_Data!$B$7:$B$2719,$A49,Koreksi_Data!$L$7:$L$2719,">=0"),"-") -> 0 | H49: =IFERROR(_xlfn.MAXIFS(Koreksi_Data!$N$7:$N$2719,Koreksi_Data!$B$7:$B$2719,$A49,Koreksi_Data!$L$7:$L$2719,">=0"),"-") -> 17.234043 | I49: =IFERROR(AVERAGEIFS(Koreksi_Data!$N$7:$N$2719,Koreksi_Data!$B$7:$B$2719,$A49,Koreksi_Data!$L$7:$L$2719,">=0"),"-") -> 0.95840013 | J49: =INDEX(Koreksi_Data!$N$7:$N$2719,MATCH($A49,Koreksi_Data!$B$7:$B$2719,0)+COUNTIF(Koreksi_Data!$B$7:$B$2719,$A49)-1) -> 0.84585366 | K49: =SUMPRODUCT((Koreksi_Data!$B$7:$B$2719=$A49)*Koreksi_Data!$L$7:$L$2719*Koreksi_Data!$T$7:$T$2719)/1000 -> 5572.9763 | L49: =SUMPRODUCT((Koreksi_Data!$B$7:$B$2719=$A49)*Koreksi_Data!$O$7:$O$2719*Koreksi_Data!$T$7:$T$2719)/1000 -> 4843.9683 | M49: =IF(K49=0,"-",L49/K49-1) -> -0.13081125 | N49: =IFERROR(SUMPRODUCT((Koreksi_Data!$B$7:$B$2719=$A49)*ISNUMBER(Koreksi_Data!$M$7:$M$2719)*Koreksi_Data!$L$7:$L$2719)/SUMPRODUCT((Koreksi_Data!$B$7:$B$2719=$A49)*ISNUMBER(Koreksi_Data!$L$7:$L$2719)*Koreksi_Data!$M$7:$M$2719),"-") -> 1.1512478
A50: KKNA-1L | B50: =_xlfn.MINIFS(Koreksi_Data!$C$7:$C$2719,Koreksi_Data!$B$7:$B$2719,$A50) -> 36161 | C50: =_xlfn.MAXIFS(Koreksi_Data!$C$7:$C$2719,Koreksi_Data!$B$7:$B$2719,$A50) -> 42430 | D50: =COUNTIFS(Koreksi_Data!$B$7:$B$2719,$A50,Koreksi_Data!$L$7:$L$2719,">=0") -> 151 | E50: =COUNTIFS(Koreksi_Data!$B$7:$B$2719,$A50,Koreksi_Data!$M$7:$M$2719,">=0") -> 59 | F50: =SUMPRODUCT((Koreksi_Data!$B$7:$B$2719=$A50)*ISNUMBER(Koreksi_Data!$M$7:$M$2719)*(Koreksi_Data!$L$7:$L$2719>0)) -> 15 | G50: =IFERROR(_xlfn.MINIFS(Koreksi_Data!$N$7:$N$2719,Koreksi_Data!$B$7:$B$2719,$A50,Koreksi_Data!$L$7:$L$2719,">=0"),"-") -> 0.47732697 | H50: =IFERROR(_xlfn.MAXIFS(Koreksi_Data!$N$7:$N$2719,Koreksi_Data!$B$7:$B$2719,$A50,Koreksi_Data!$L$7:$L$2719,">=0"),"-") -> 2.360515 | I50: =IFERROR(AVERAGEIFS(Koreksi_Data!$N$7:$N$2719,Koreksi_Data!$B$7:$B$2719,$A50,Koreksi_Data!$L$7:$L$2719,">=0"),"-") -> 1.5763032 | J50: =INDEX(Koreksi_Data!$N$7:$N$2719,MATCH($A50,Koreksi_Data!$B$7:$B$2719,0)+COUNTIF(Koreksi_Data!$B$7:$B$2719,$A50)-1) -> 1.9090909 | K50: =SUMPRODUCT((Koreksi_Data!$B$7:$B$2719=$A50)*Koreksi_Data!$L$7:$L$2719*Koreksi_Data!$T$7:$T$2719)/1000 -> 5.67679 | L50: =SUMPRODUCT((Koreksi_Data!$B$7:$B$2719=$A50)*Koreksi_Data!$O$7:$O$2719*Koreksi_Data!$T$7:$T$2719)/1000 -> 8.9313464 | M50: =IF(K50=0,"-",L50/K50-1) -> 0.57330928 | N50: =IFERROR(SUMPRODUCT((Koreksi_Data!$B$7:$B$2719=$A50)*ISNUMBER(Koreksi_Data!$M$7:$M$2719)*Koreksi_Data!$L$7:$L$2719)/SUMPRODUCT((Koreksi_Data!$B$7:$B$2719=$A50)*ISNUMBER(Koreksi_Data!$L$7:$L$2719)*Koreksi_Data!$M$7:$M$2719),"-") -> 0.66208065
A51: KKNA-1S | B51: =_xlfn.MINIFS(Koreksi_Data!$C$7:$C$2719,Koreksi_Data!$B$7:$B$2719,$A51) -> 36495 | C51: =_xlfn.MAXIFS(Koreksi_Data!$C$7:$C$2719,Koreksi_Data!$B$7:$B$2719,$A51) -> 42430 | D51: =COUNTIFS(Koreksi_Data!$B$7:$B$2719,$A51,Koreksi_Data!$L$7:$L$2719,">=0") -> 139 | E51: =COUNTIFS(Koreksi_Data!$B$7:$B$2719,$A51,Koreksi_Data!$M$7:$M$2719,">=0") -> 56 | F51: =SUMPRODUCT((Koreksi_Data!$B$7:$B$2719=$A51)*ISNUMBER(Koreksi_Data!$M$7:$M$2719)*(Koreksi_Data!$L$7:$L$2719>0)) -> 4 | G51: =IFERROR(_xlfn.MINIFS(Koreksi_Data!$N$7:$N$2719,Koreksi_Data!$B$7:$B$2719,$A51,Koreksi_Data!$L$7:$L$2719,">=0"),"-") -> 0.74585635 | H51: =IFERROR(_xlfn.MAXIFS(Koreksi_Data!$N$7:$N$2719,Koreksi_Data!$B$7:$B$2719,$A51,Koreksi_Data!$L$7:$L$2719,">=0"),"-") -> 2.8301887 | I51: =IFERROR(AVERAGEIFS(Koreksi_Data!$N$7:$N$2719,Koreksi_Data!$B$7:$B$2719,$A51,Koreksi_Data!$L$7:$L$2719,">=0"),"-") -> 2.1132629 | J51: =INDEX(Koreksi_Data!$N$7:$N$2719,MATCH($A51,Koreksi_Data!$B$7:$B$2719,0)+COUNTIF(Koreksi_Data!$B$7:$B$2719,$A51)-1) -> 2.8301887 | K51: =SUMPRODUCT((Koreksi_Data!$B$7:$B$2719=$A51)*Koreksi_Data!$L$7:$L$2719*Koreksi_Data!$T$7:$T$2719)/1000 -> 5.17809 | L51: =SUMPRODUCT((Koreksi_Data!$B$7:$B$2719=$A51)*Koreksi_Data!$O$7:$O$2719*Koreksi_Data!$T$7:$T$2719)/1000 -> 4.0970838 | M51: =IF(K51=0,"-",L51/K51-1) -> -0.20876543 | N51: =IFERROR(SUMPRODUCT((Koreksi_Data!$B$7:$B$2719=$A51)*ISNUMBER(Koreksi_Data!$M$7:$M$2719)*Koreksi_Data!$L$7:$L$2719)/SUMPRODUCT((Koreksi_Data!$B$7:$B$2719=$A51)*ISNUMBER(Koreksi_Data!$L$7:$L$2719)*Koreksi_Data!$M$7:$M$2719),"-") -> 1.2542029
A52: KKNA-2 | B52: =_xlfn.MINIFS(Koreksi_Data!$C$7:$C$2719,Koreksi_Data!$B$7:$B$2719,$A52) -> 36161 | C52: =_xlfn.MAXIFS(Koreksi_Data!$C$7:$C$2719,Koreksi_Data!$B$7:$B$2719,$A52) -> 45505 | D52: =COUNTIFS(Koreksi_Data!$B$7:$B$2719,$A52,Koreksi_Data!$L$7:$L$2719,">=0") -> 153 | E52: =COUNTIFS(Koreksi_Data!$B$7:$B$2719,$A52,Koreksi_Data!$M$7:$M$2719,">=0") -> 54 | F52: =SUMPRODUCT((Koreksi_Data!$B$7:$B$2719=$A52)*ISNUMBER(Koreksi_Data!$M$7:$M$2719)*(Koreksi_Data!$L$7:$L$2719>0)) -> 2 | G52: =IFERROR(_xlfn.MINIFS(Koreksi_Data!$N$7:$N$2719,Koreksi_Data!$B$7:$B$2719,$A52,Koreksi_Data!$L$7:$L$2719,">=0"),"-") -> 1 | H52: =IFERROR(_xlfn.MAXIFS(Koreksi_Data!$N$7:$N$2719,Koreksi_Data!$B$7:$B$2719,$A52,Koreksi_Data!$L$7:$L$2719,">=0"),"-") -> 1.9047619 | I52: =IFERROR(AVERAGEIFS(Koreksi_Data!$N$7:$N$2719,Koreksi_Data!$B$7:$B$2719,$A52,Koreksi_Data!$L$7:$L$2719,">=0"),"-") -> 1.5074764 | J52: =INDEX(Koreksi_Data!$N$7:$N$2719,MATCH($A52,Koreksi_Data!$B$7:$B$2719,0)+COUNTIF(Koreksi_Data!$B$7:$B$2719,$A52)-1) -> 1.9047619 | K52: =SUMPRODUCT((Koreksi_Data!$B$7:$B$2719=$A52)*Koreksi_Data!$L$7:$L$2719*Koreksi_Data!$T$7:$T$2719)/1000 -> 0.06705 | L52: =SUMPRODUCT((Koreksi_Data!$B$7:$B$2719=$A52)*Koreksi_Data!$O$7:$O$2719*Koreksi_Data!$T$7:$T$2719)/1000 -> 0.122 | M52: =IF(K52=0,"-",L52/K52-1) -> 0.81953766 | N52: =IFERROR(SUMPRODUCT((Koreksi_Data!$B$7:$B$2719=$A52)*ISNUMBER(Koreksi_Data!$M$7:$M$2719)*Koreksi_Data!$L$7:$L$2719)/SUMPRODUCT((Koreksi_Data!$B$7:$B$2719=$A52)*ISNUMBER(Koreksi_Data!$L$7:$L$2719)*Koreksi_Data!$M$7:$M$2719),"-") -> 0.55
A53: KKNA-3 | B53: =_xlfn.MINIFS(Koreksi_Data!$C$7:$C$2719,Koreksi_Data!$B$7:$B$2719,$A53) -> 37622 | C53: =_xlfn.MAXIFS(Koreksi_Data!$C$7:$C$2719,Koreksi_Data!$B$7:$B$2719,$A53) -> 42552 | D53: =COUNTIFS(Koreksi_Data!$B$7:$B$2719,$A53,Koreksi_Data!$L$7:$L$2719,">=0") -> 131 | E53: =COUNTIFS(Koreksi_Data!$B$7:$B$2719,$A53,Koreksi_Data!$M$7:$M$2719,">=0") -> 62 | F53: =SUMPRODUCT((Koreksi_Data!$B$7:$B$2719=$A53)*ISNUMBER(Koreksi_Data!$M$7:$M$2719)*(Koreksi_Data!$L$7:$L$2719>0)) -> 38 | G53: =IFERROR(_xlfn.MINIFS(Koreksi_Data!$N$7:$N$2719,Koreksi_Data!$B$7:$B$2719,$A53,Koreksi_Data!$L$7:$L$2719,">=0"),"-") -> 0 | H53: =IFERROR(_xlfn.MAXIFS(Koreksi_Data!$N$7:$N$2719,Koreksi_Data!$B$7:$B$2719,$A53,Koreksi_Data!$L$7:$L$2719,">=0"),"-") -> 11.026616 | I53: =IFERROR(AVERAGEIFS(Koreksi_Data!$N$7:$N$2719,Koreksi_Data!$B$7:$B$2719,$A53,Koreksi_Data!$L$7:$L$2719,">=0"),"-") -> 1.1596559 | J53: =INDEX(Koreksi_Data!$N$7:$N$2719,MATCH($A53,Koreksi_Data!$B$7:$B$2719,0)+COUNTIF(Koreksi_Data!$B$7:$B$2719,$A53)-1) -> 0.61386139 | K53: =SUMPRODUCT((Koreksi_Data!$B$7:$B$2719=$A53)*Koreksi_Data!$L$7:$L$2719*Koreksi_Data!$T$7:$T$2719)/1000 -> 520.52972 | L53: =SUMPRODUCT((Koreksi_Data!$B$7:$B$2719=$A53)*Koreksi_Data!$O$7:$O$2719*Koreksi_Data!$T$7:$T$2719)/1000 -> 488.95901 | M53: =IF(K53=0,"-",L53/K53-1) -> -0.060651126 | N53: =IFERROR(SUMPRODUCT((Koreksi_Data!$B$7:$B$2719=$A53)*ISNUMBER(Koreksi_Data!$M$7:$M$2719)*Koreksi_Data!$L$7:$L$2719)/SUMPRODUCT((Koreksi_Data!$B$7:$B$2719=$A53)*ISNUMBER(Koreksi_Data!$L$7:$L$2719)*Koreksi_Data!$M$7:$M$2719),"-") -> 1.1309414
A54: KKNA-3ST | B54: =_xlfn.MINIFS(Koreksi_Data!$C$7:$C$2719,Koreksi_Data!$B$7:$B$2719,$A54) -> 41153 | C54: =_xlfn.MAXIFS(Koreksi_Data!$C$7:$C$2719,Koreksi_Data!$B$7:$B$2719,$A54) -> 46235 | D54: =COUNTIFS(Koreksi_Data!$B$7:$B$2719,$A54,Koreksi_Data!$L$7:$L$2719,">=0") -> 152 | E54: =COUNTIFS(Koreksi_Data!$B$7:$B$2719,$A54,Koreksi_Data!$M$7:$M$2719,">=0") -> 89 | F54: =SUMPRODUCT((Koreksi_Data!$B$7:$B$2719=$A54)*ISNUMBER(Koreksi_Data!$M$7:$M$2719)*(Koreksi_Data!$L$7:$L$2719>0)) -> 64 | G54: =IFERROR(_xlfn.MINIFS(Koreksi_Data!$N$7:$N$2719,Koreksi_Data!$B$7:$B$2719,$A54,Koreksi_Data!$L$7:$L$2719,">=0"),"-") -> 0 | H54: =IFERROR(_xlfn.MAXIFS(Koreksi_Data!$N$7:$N$2719,Koreksi_Data!$B$7:$B$2719,$A54,Koreksi_Data!$L$7:$L$2719,">=0"),"-") -> 12.013536 | I54: =IFERROR(AVERAGEIFS(Koreksi_Data!$N$7:$N$2719,Koreksi_Data!$B$7:$B$2719,$A54,Koreksi_Data!$L$7:$L$2719,">=0"),"-") -> 0.99585016 | J54: =INDEX(Koreksi_Data!$N$7:$N$2719,MATCH($A54,Koreksi_Data!$B$7:$B$2719,0)+COUNTIF(Koreksi_Data!$B$7:$B$2719,$A54)-1) -> 0.8372093 | K54: =SUMPRODUCT((Koreksi_Data!$B$7:$B$2719=$A54)*Koreksi_Data!$L$7:$L$2719*Koreksi_Data!$T$7:$T$2719)/1000 -> 413.26549 | L54: =SUMPRODUCT((Koreksi_Data!$B$7:$B$2719=$A54)*Koreksi_Data!$O$7:$O$2719*Koreksi_Data!$T$7:$T$2719)/1000 -> 295.65057 | M54: =IF(K54=0,"-",L54/K54-1) -> -0.28459893 | N54: =IFERROR(SUMPRODUCT((Koreksi_Data!$B$7:$B$2719=$A54)*ISNUMBER(Koreksi_Data!$M$7:$M$2719)*Koreksi_Data!$L$7:$L$2719)/SUMPRODUCT((Koreksi_Data!$B$7:$B$2719=$A54)*ISNUMBER(Koreksi_Data!$L$7:$L$2719)*Koreksi_Data!$M$7:$M$2719),"-") -> 1.2931355
A55: KKNA-4 | B55: =_xlfn.MINIFS(Koreksi_Data!$C$7:$C$2719,Koreksi_Data!$B$7:$B$2719,$A55) -> 38353 | C55: =_xlfn.MAXIFS(Koreksi_Data!$C$7:$C$2719,Koreksi_Data!$B$7:$B$2719,$A55) -> 46235 | D55: =COUNTIFS(Koreksi_Data!$B$7:$B$2719,$A55,Koreksi_Data!$L$7:$L$2719,">=0") -> 244 | E55: =COUNTIFS(Koreksi_Data!$B$7:$B$2719,$A55,Koreksi_Data!$M$7:$M$2719,">=0") -> 102 | F55: =SUMPRODUCT((Koreksi_Data!$B$7:$B$2719=$A55)*ISNUMBER(Koreksi_Data!$M$7:$M$2719)*(Koreksi_Data!$L$7:$L$2719>0)) -> 32 | G55: =IFERROR(_xlfn.MINIFS(Koreksi_Data!$N$7:$N$2719,Koreksi_Data!$B$7:$B$2719,$A55,Koreksi_Data!$L$7:$L$2719,">=0"),"-") -> 0.15748031 | H55: =IFERROR(_xlfn.MAXIFS(Koreksi_Data!$N$7:$N$2719,Koreksi_Data!$B$7:$B$2719,$A55,Koreksi_Data!$L$7:$L$2719,">=0"),"-") -> 11.029412 | I55: =IFERROR(AVERAGEIFS(Koreksi_Data!$N$7:$N$2719,Koreksi_Data!$B$7:$B$2719,$A55,Koreksi_Data!$L$7:$L$2719,">=0"),"-") -> 1.5203359 | J55: =INDEX(Koreksi_Data!$N$7:$N$2719,MATCH($A55,Koreksi_Data!$B$7:$B$2719,0)+COUNTIF(Koreksi_Data!$B$7:$B$2719,$A55)-1) -> 1.8465909 | K55: =SUMPRODUCT((Koreksi_Data!$B$7:$B$2719=$A55)*Koreksi_Data!$L$7:$L$2719*Koreksi_Data!$T$7:$T$2719)/1000 -> 233.54844 | L55: =SUMPRODUCT((Koreksi_Data!$B$7:$B$2719=$A55)*Koreksi_Data!$O$7:$O$2719*Koreksi_Data!$T$7:$T$2719)/1000 -> 211.55415 | M55: =IF(K55=0,"-",L55/K55-1) -> -0.094174432 | N55: =IFERROR(SUMPRODUCT((Koreksi_Data!$B$7:$B$2719=$A55)*ISNUMBER(Koreksi_Data!$M$7:$M$2719)*Koreksi_Data!$L$7:$L$2719)/SUMPRODUCT((Koreksi_Data!$B$7:$B$2719=$A55)*ISNUMBER(Koreksi_Data!$L$7:$L$2719)*Koreksi_Data!$M$7:$M$2719),"-") -> 0.97915381
A56: KKNA-5ST | B56: =_xlfn.MINIFS(Koreksi_Data!$C$7:$C$2719,Koreksi_Data!$B$7:$B$2719,$A56) -> 41153 | C56: =_xlfn.MAXIFS(Koreksi_Data!$C$7:$C$2719,Koreksi_Data!$B$7:$B$2719,$A56) -> 45748 | D56: =COUNTIFS(Koreksi_Data!$B$7:$B$2719,$A56,Koreksi_Data!$L$7:$L$2719,">=0") -> 152 | E56: =COUNTIFS(Koreksi_Data!$B$7:$B$2719,$A56,Koreksi_Data!$M$7:$M$2719,">=0") -> 70 | F56: =SUMPRODUCT((Koreksi_Data!$B$7:$B$2719=$A56)*ISNUMBER(Koreksi_Data!$M$7:$M$2719)*(Koreksi_Data!$L$7:$L$2719>0)) -> 54 | G56: =IFERROR(_xlfn.MINIFS(Koreksi_Data!$N$7:$N$2719,Koreksi_Data!$B$7:$B$2719,$A56,Koreksi_Data!$L$7:$L$2719,">=0"),"-") -> 0 | H56: =IFERROR(_xlfn.MAXIFS(Koreksi_Data!$N$7:$N$2719,Koreksi_Data!$B$7:$B$2719,$A56,Koreksi_Data!$L$7:$L$2719,">=0"),"-") -> 5.1933702 | I56: =IFERROR(AVERAGEIFS(Koreksi_Data!$N$7:$N$2719,Koreksi_Data!$B$7:$B$2719,$A56,Koreksi_Data!$L$7:$L$2719,">=0"),"-") -> 0.88360049 | J56: =INDEX(Koreksi_Data!$N$7:$N$2719,MATCH($A56,Koreksi_Data!$B$7:$B$2719,0)+COUNTIF(Koreksi_Data!$B$7:$B$2719,$A56)-1) -> 1 | K56: =SUMPRODUCT((Koreksi_Data!$B$7:$B$2719=$A56)*Koreksi_Data!$L$7:$L$2719*Koreksi_Data!$T$7:$T$2719)/1000 -> 132.39349 | L56: =SUMPRODUCT((Koreksi_Data!$B$7:$B$2719=$A56)*Koreksi_Data!$O$7:$O$2719*Koreksi_Data!$T$7:$T$2719)/1000 -> 73.491443 | M56: =IF(K56=0,"-",L56/K56-1) -> -0.4449014 | N56: =IFERROR(SUMPRODUCT((Koreksi_Data!$B$7:$B$2719=$A56)*ISNUMBER(Koreksi_Data!$M$7:$M$2719)*Koreksi_Data!$L$7:$L$2719)/SUMPRODUCT((Koreksi_Data!$B$7:$B$2719=$A56)*ISNUMBER(Koreksi_Data!$L$7:$L$2719)*Koreksi_Data!$M$7:$M$2719),"-") -> 1.9142458
A57: KKNB-1 | B57: =_xlfn.MINIFS(Koreksi_Data!$C$7:$C$2719,Koreksi_Data!$B$7:$B$2719,$A57) -> 42461 | C57: =_xlfn.MAXIFS(Koreksi_Data!$C$7:$C$2719,Koreksi_Data!$B$7:$B$2719,$A57) -> 46235 | D57: =COUNTIFS(Koreksi_Data!$B$7:$B$2719,$A57,Koreksi_Data!$L$7:$L$2719,">=0") -> 104 | E57: =COUNTIFS(Koreksi_Data!$B$7:$B$2719,$A57,Koreksi_Data!$M$7:$M$2719,">=0") -> 39 | F57: =SUMPRODUCT((Koreksi_Data!$B$7:$B$2719=$A57)*ISNUMBER(Koreksi_Data!$M$7:$M$2719)*(Koreksi_Data!$L$7:$L$2719>0)) -> 1 | G57: =IFERROR(_xlfn.MINIFS(Koreksi_Data!$N$7:$N$2719,Koreksi_Data!$B$7:$B$2719,$A57,Koreksi_Data!$L$7:$L$2719,">=0"),"-") -> 0 | H57: =IFERROR(_xlfn.MAXIFS(Koreksi_Data!$N$7:$N$2719,Koreksi_Data!$B$7:$B$2719,$A57,Koreksi_Data!$L$7:$L$2719,">=0"),"-") -> 1 | I57: =IFERROR(AVERAGEIFS(Koreksi_Data!$N$7:$N$2719,Koreksi_Data!$B$7:$B$2719,$A57,Koreksi_Data!$L$7:$L$2719,">=0"),"-") -> 0.99038462 | J57: =INDEX(Koreksi_Data!$N$7:$N$2719,MATCH($A57,Koreksi_Data!$B$7:$B$2719,0)+COUNTIF(Koreksi_Data!$B$7:$B$2719,$A57)-1) -> 1 | K57: =SUMPRODUCT((Koreksi_Data!$B$7:$B$2719=$A57)*Koreksi_Data!$L$7:$L$2719*Koreksi_Data!$T$7:$T$2719)/1000 -> 1.9406 | L57: =SUMPRODUCT((Koreksi_Data!$B$7:$B$2719=$A57)*Koreksi_Data!$O$7:$O$2719*Koreksi_Data!$T$7:$T$2719)/1000 -> 0 | M57: =IF(K57=0,"-",L57/K57-1) -> -1 | N57: =IFERROR(SUMPRODUCT((Koreksi_Data!$B$7:$B$2719=$A57)*ISNUMBER(Koreksi_Data!$M$7:$M$2719)*Koreksi_Data!$L$7:$L$2719)/SUMPRODUCT((Koreksi_Data!$B$7:$B$2719=$A57)*ISNUMBER(Koreksi_Data!$L$7:$L$2719)*Koreksi_Data!$M$7:$M$2719),"-") -> 6.9555556
... A60: KKNB-2 | B60: =_xlfn.MINIFS(Koreksi_Data!$C$7:$C$2719,Koreksi_Data!$B$7:$B$2719,$A60) -> 36281 | C60: =_xlfn.MAXIFS(Koreksi_Data!$C$7:$C$2719,Koreksi_Data!$B$7:$B$2719,$A60) -> 45748 | D60: =COUNTIFS(Koreksi_Data!$B$7:$B$2719,$A60,Koreksi_Data!$L$7:$L$2719,">=0") -> 279 | E60: =COUNTIFS(Koreksi_Data!$B$7:$B$2719,$A60,Koreksi_Data!$M$7:$M$2719,">=0") -> 55 | F60: =SUMPRODUCT((Koreksi_Data!$B$7:$B$2719=$A60)*ISNUMBER(Koreksi_Data!$M$7:$M$2719)*(Koreksi_Data!$L$7:$L$2719>0)) -> 12 | G60: =IFERROR(_xlfn.MINIFS(Koreksi_Data!$N$7:$N$2719,Koreksi_Data!$B$7:$B$2719,$A60,Koreksi_Data!$L$7:$L$2719,">=0"),"-") -> 0 | H60: =IFERROR(_xlfn.MAXIFS(Koreksi_Data!$N$7:$N$2719,Koreksi_Data!$B$7:$B$2719,$A60,Koreksi_Data!$L$7:$L$2719,">=0"),"-") -> 3.9494471 | I60: =IFERROR(AVERAGEIFS(Koreksi_Data!$N$7:$N$2719,Koreksi_Data!$B$7:$B$2719,$A60,Koreksi_Data!$L$7:$L$2719,">=0"),"-") -> 0.79068689 | J60: =INDEX(Koreksi_Data!$N$7:$N$2719,MATCH($A60,Koreksi_Data!$B$7:$B$2719,0)+COUNTIF(Koreksi_Data!$B$7:$B$2719,$A60)-1) -> 1 | K60: =SUMPRODUCT((Koreksi_Data!$B$7:$B$2719=$A60)*Koreksi_Data!$L$7:$L$2719*Koreksi_Data!$T$7:$T$2719)/1000 -> 351.24064 | L60: =SUMPRODUCT((Koreksi_Data!$B$7:$B$2719=$A60)*Koreksi_Data!$O$7:$O$2719*Koreksi_Data!$T$7:$T$2719)/1000 -> 143.41814 | M60: =IF(K60=0,"-",L60/K60-1) -> -0.59168126 | N60: =IFERROR(SUMPRODUCT((Koreksi_Data!$B$7:$B$2719=$A60)*ISNUMBER(Koreksi_Data!$M$7:$M$2719)*Koreksi_Data!$L$7:$L$2719)/SUMPRODUCT((Koreksi_Data!$B$7:$B$2719=$A60)*ISNUMBER(Koreksi_Data!$L$7:$L$2719)*Koreksi_Data!$M$7:$M$2719),"-") -> 1.6902875
A61: TOTAL LAPANGAN | K61: =SUM(K46:K60) -> 12852.356 | L61: =SUM(L46:L60) -> 11376.14 | M61: =IF(K61=0,"-",L61/K61-1) -> -0.11485954
A64: FLUID (BFPD) | kumulatif dalam MBbl
A65: Sumur | B65: Awal data | C65: Akhir data | D65: Bulan Prod | E65: Bulan WT | F65: Titik koreksi | G65: Multiplier min | H65: Multiplier maks | I65: Multiplier rata-rata | J65: Multiplier terakhir | K65: Kum. Sebelum | L65: Kum. Sesudah | M65: Selisih (%) | N65: Prod/WT sebelum (bulan WT)
A66: KKA-1 | B66: =_xlfn.MINIFS(Koreksi_Data!$C$7:$C$2719,Koreksi_Data!$B$7:$B$2719,$A66) -> 37438 | C66: =_xlfn.MAXIFS(Koreksi_Data!$C$7:$C$2719,Koreksi_Data!$B$7:$B$2719,$A66) -> 46266 | D66: =COUNTIFS(Koreksi_Data!$B$7:$B$2719,$A66,Koreksi_Data!$P$7:$P$2719,">=0") -> 272 | E66: =COUNTIFS(Koreksi_Data!$B$7:$B$2719,$A66,Koreksi_Data!$Q$7:$Q$2719,">=0") -> 152 | F66: =SUMPRODUCT((Koreksi_Data!$B$7:$B$2719=$A66)*ISNUMBER(Koreksi_Data!$Q$7:$Q$2719)*(Koreksi_Data!$P$7:$P$2719>0)) -> 133 | G66: =IFERROR(_xlfn.MINIFS(Koreksi_Data!$R$7:$R$2719,Koreksi_Data!$B$7:$B$2719,$A66,Koreksi_Data!$P$7:$P$2719,">=0"),"-") -> 0 | H66: =IFERROR(_xlfn.MAXIFS(Koreksi_Data!$R$7:$R$2719,Koreksi_Data!$B$7:$B$2719,$A66,Koreksi_Data!$P$7:$P$2719,">=0"),"-") -> 4.7794118 | I66: =IFERROR(AVERAGEIFS(Koreksi_Data!$R$7:$R$2719,Koreksi_Data!$B$7:$B$2719,$A66,Koreksi_Data!$P$7:$P$2719,">=0"),"-") -> 1.1141998 | J66: =INDEX(Koreksi_Data!$R$7:$R$2719,MATCH($A66,Koreksi_Data!$B$7:$B$2719,0)+COUNTIF(Koreksi_Data!$B$7:$B$2719,$A66)-1) -> 0.88834356 | K66: =SUMPRODUCT((Koreksi_Data!$B$7:$B$2719=$A66)*Koreksi_Data!$P$7:$P$2719*Koreksi_Data!$T$7:$T$2719)/1000 -> 2810.9277 | L66: =SUMPRODUCT((Koreksi_Data!$B$7:$B$2719=$A66)*Koreksi_Data!$S$7:$S$2719*Koreksi_Data!$T$7:$T$2719)/1000 -> 2894.5402 | M66: =IF(K66=0,"-",L66/K66-1) -> 0.029745506 | N66: =IFERROR(SUMPRODUCT((Koreksi_Data!$B$7:$B$2719=$A66)*ISNUMBER(Koreksi_Data!$Q$7:$Q$2719)*Koreksi_Data!$P$7:$P$2719)/SUMPRODUCT((Koreksi_Data!$B$7:$B$2719=$A66)*ISNUMBER(Koreksi_Data!$P$7:$P$2719)*Koreksi_Data!$Q$7:$Q$2719),"-") -> 0.98600164
A67: KKA-2ST2L | B67: =_xlfn.MINIFS(Koreksi_Data!$C$7:$C$2719,Koreksi_Data!$B$7:$B$2719,$A67) -> 39814 | C67: =_xlfn.MAXIFS(Koreksi_Data!$C$7:$C$2719,Koreksi_Data!$B$7:$B$2719,$A67) -> 42856 | D67: =COUNTIFS(Koreksi_Data!$B$7:$B$2719,$A67,Koreksi_Data!$P$7:$P$2719,">=0") -> 90 | E67: =COUNTIFS(Koreksi_Data!$B$7:$B$2719,$A67,Koreksi_Data!$Q$7:$Q$2719,">=0") -> 22 | F67: =SUMPRODUCT((Koreksi_Data!$B$7:$B$2719=$A67)*ISNUMBER(Koreksi_Data!$Q$7:$Q$2719)*(Koreksi_Data!$P$7:$P$2719>0)) -> 19 | G67: =IFERROR(_xlfn.MINIFS(Koreksi_Data!$R$7:$R$2719,Koreksi_Data!$B$7:$B$2719,$A67,Koreksi_Data!$P$7:$P$2719,">=0"),"-") -> 0 | H67: =IFERROR(_xlfn.MAXIFS(Koreksi_Data!$R$7:$R$2719,Koreksi_Data!$B$7:$B$2719,$A67,Koreksi_Data!$P$7:$P$2719,">=0"),"-") -> 1.8929577 | I67: =IFERROR(AVERAGEIFS(Koreksi_Data!$R$7:$R$2719,Koreksi_Data!$B$7:$B$2719,$A67,Koreksi_Data!$P$7:$P$2719,">=0"),"-") -> 1.0375246 | J67: =INDEX(Koreksi_Data!$R$7:$R$2719,MATCH($A67,Koreksi_Data!$B$7:$B$2719,0)+COUNTIF(Koreksi_Data!$B$7:$B$2719,$A67)-1) -> 1 | K67: =SUMPRODUCT((Koreksi_Data!$B$7:$B$2719=$A67)*Koreksi_Data!$P$7:$P$2719*Koreksi_Data!$T$7:$T$2719)/1000 -> 706.2448 | L67: =SUMPRODUCT((Koreksi_Data!$B$7:$B$2719=$A67)*Koreksi_Data!$S$7:$S$2719*Koreksi_Data!$T$7:$T$2719)/1000 -> 813.07108 | M67: =IF(K67=0,"-",L67/K67-1) -> 0.15125957 | N67: =IFERROR(SUMPRODUCT((Koreksi_Data!$B$7:$B$2719=$A67)*ISNUMBER(Koreksi_Data!$Q$7:$Q$2719)*Koreksi_Data!$P$7:$P$2719)/SUMPRODUCT((Koreksi_Data!$B$7:$B$2719=$A67)*ISNUMBER(Koreksi_Data!$P$7:$P$2719)*Koreksi_Data!$Q$7:$Q$2719),"-") -> 0.93582384
A68: KKA-3 | B68: =_xlfn.MINIFS(Koreksi_Data!$C$7:$C$2719,Koreksi_Data!$B$7:$B$2719,$A68) -> 39845 | C68: =_xlfn.MAXIFS(Koreksi_Data!$C$7:$C$2719,Koreksi_Data!$B$7:$B$2719,$A68) -> 46266 | D68: =COUNTIFS(Koreksi_Data!$B$7:$B$2719,$A68,Koreksi_Data!$P$7:$P$2719,">=0") -> 193 | E68: =COUNTIFS(Koreksi_Data!$B$7:$B$2719,$A68,Koreksi_Data!$Q$7:$Q$2719,">=0") -> 78 | F68: =SUMPRODUCT((Koreksi_Data!$B$7:$B$2719=$A68)*ISNUMBER(Koreksi_Data!$Q$7:$Q$2719)*(Koreksi_Data!$P$7:$P$2719>0)) -> 47 | G68: =IFERROR(_xlfn.MINIFS(Koreksi_Data!$R$7:$R$2719,Koreksi_Data!$B$7:$B$2719,$A68,Koreksi_Data!$P$7:$P$2719,">=0"),"-") -> 0 | H68: =IFERROR(_xlfn.MAXIFS(Koreksi_Data!$R$7:$R$2719,Koreksi_Data!$B$7:$B$2719,$A68,Koreksi_Data!$P$7:$P$2719,">=0"),"-") -> 3.5234899 | I68: =IFERROR(AVERAGEIFS(Koreksi_Data!$R$7:$R$2719,Koreksi_Data!$B$7:$B$2719,$A68,Koreksi_Data!$P$7:$P$2719,">=0"),"-") -> 0.92334056 | J68: =INDEX(Koreksi_Data!$R$7:$R$2719,MATCH($A68,Koreksi_Data!$B$7:$B$2719,0)+COUNTIF(Koreksi_Data!$B$7:$B$2719,$A68)-1) -> 0.76442308 | K68: =SUMPRODUCT((Koreksi_Data!$B$7:$B$2719=$A68)*Koreksi_Data!$P$7:$P$2719*Koreksi_Data!$T$7:$T$2719)/1000 -> 2114.6498 | L68: =SUMPRODUCT((Koreksi_Data!$B$7:$B$2719=$A68)*Koreksi_Data!$S$7:$S$2719*Koreksi_Data!$T$7:$T$2719)/1000 -> 1730.5167 | M68: =IF(K68=0,"-",L68/K68-1) -> -0.1816533 | N68: =IFERROR(SUMPRODUCT((Koreksi_Data!$B$7:$B$2719=$A68)*ISNUMBER(Koreksi_Data!$Q$7:$Q$2719)*Koreksi_Data!$P$7:$P$2719)/SUMPRODUCT((Koreksi_Data!$B$7:$B$2719=$A68)*ISNUMBER(Koreksi_Data!$P$7:$P$2719)*Koreksi_Data!$Q$7:$Q$2719),"-") -> 1.2191285
A69: KKA-4 | B69: =_xlfn.MINIFS(Koreksi_Data!$C$7:$C$2719,Koreksi_Data!$B$7:$B$2719,$A69) -> 40210 | C69: =_xlfn.MAXIFS(Koreksi_Data!$C$7:$C$2719,Koreksi_Data!$B$7:$B$2719,$A69) -> 46113 | D69: =COUNTIFS(Koreksi_Data!$B$7:$B$2719,$A69,Koreksi_Data!$P$7:$P$2719,">=0") -> 172 | E69: =COUNTIFS(Koreksi_Data!$B$7:$B$2719,$A69,Koreksi_Data!$Q$7:$Q$2719,">=0") -> 92 | F69: =SUMPRODUCT((Koreksi_Data!$B$7:$B$2719=$A69)*ISNUMBER(Koreksi_Data!$Q$7:$Q$2719)*(Koreksi_Data!$P$7:$P$2719>0)) -> 82 | G69: =IFERROR(_xlfn.MINIFS(Koreksi_Data!$R$7:$R$2719,Koreksi_Data!$B$7:$B$2719,$A69,Koreksi_Data!$P$7:$P$2719,">=0"),"-") -> 0 | H69: =IFERROR(_xlfn.MAXIFS(Koreksi_Data!$R$7:$R$2719,Koreksi_Data!$B$7:$B$2719,$A69,Koreksi_Data!$P$7:$P$2719,">=0"),"-") -> 7.5 | I69: =IFERROR(AVERAGEIFS(Koreksi_Data!$R$7:$R$2719,Koreksi_Data!$B$7:$B$2719,$A69,Koreksi_Data!$P$7:$P$2719,">=0"),"-") -> 0.93084167 | J69: =INDEX(Koreksi_Data!$R$7:$R$2719,MATCH($A69,Koreksi_Data!$B$7:$B$2719,0)+COUNTIF(Koreksi_Data!$B$7:$B$2719,$A69)-1) -> 0.85260116 | K69: =SUMPRODUCT((Koreksi_Data!$B$7:$B$2719=$A69)*Koreksi_Data!$P$7:$P$2719*Koreksi_Data!$T$7:$T$2719)/1000 -> 5945.088 | L69: =SUMPRODUCT((Koreksi_Data!$B$7:$B$2719=$A69)*Koreksi_Data!$S$7:$S$2719*Koreksi_Data!$T$7:$T$2719)/1000 -> 5299.703 | M69: =IF(K69=0,"-",L69/K69-1) -> -0.10855768 | N69: =IFERROR(SUMPRODUCT((Koreksi_Data!$B$7:$B$2719=$A69)*ISNUMBER(Koreksi_Data!$Q$7:$Q$2719)*Koreksi_Data!$P$7:$P$2719)/SUMPRODUCT((Koreksi_Data!$B$7:$B$2719=$A69)*ISNUMBER(Koreksi_Data!$P$7:$P$2719)*Koreksi_Data!$Q$7:$Q$2719),"-") -> 1.1327944
A70: KKNA-1L | B70: =_xlfn.MINIFS(Koreksi_Data!$C$7:$C$2719,Koreksi_Data!$B$7:$B$2719,$A70) -> 36161 | C70: =_xlfn.MAXIFS(Koreksi_Data!$C$7:$C$2719,Koreksi_Data!$B$7:$B$2719,$A70) -> 42430 | D70: =COUNTIFS(Koreksi_Data!$B$7:$B$2719,$A70,Koreksi_Data!$P$7:$P$2719,">=0") -> 151 | E70: =COUNTIFS(Koreksi_Data!$B$7:$B$2719,$A70,Koreksi_Data!$Q$7:$Q$2719,">=0") -> 59 | F70: =SUMPRODUCT((Koreksi_Data!$B$7:$B$2719=$A70)*ISNUMBER(Koreksi_Data!$Q$7:$Q$2719)*(Koreksi_Data!$P$7:$P$2719>0)) -> 55 | G70: =IFERROR(_xlfn.MINIFS(Koreksi_Data!$R$7:$R$2719,Koreksi_Data!$B$7:$B$2719,$A70,Koreksi_Data!$P$7:$P$2719,">=0"),"-") -> 0 | H70: =IFERROR(_xlfn.MAXIFS(Koreksi_Data!$R$7:$R$2719,Koreksi_Data!$B$7:$B$2719,$A70,Koreksi_Data!$P$7:$P$2719,">=0"),"-") -> 7.0498615 | I70: =IFERROR(AVERAGEIFS(Koreksi_Data!$R$7:$R$2719,Koreksi_Data!$B$7:$B$2719,$A70,Koreksi_Data!$P$7:$P$2719,">=0"),"-") -> 2.2953546 | J70: =INDEX(Koreksi_Data!$R$7:$R$2719,MATCH($A70,Koreksi_Data!$B$7:$B$2719,0)+COUNTIF(Koreksi_Data!$B$7:$B$2719,$A70)-1) -> 0 | K70: =SUMPRODUCT((Koreksi_Data!$B$7:$B$2719=$A70)*Koreksi_Data!$P$7:$P$2719*Koreksi_Data!$T$7:$T$2719)/1000 -> 275.55228 | L70: =SUMPRODUCT((Koreksi_Data!$B$7:$B$2719=$A70)*Koreksi_Data!$S$7:$S$2719*Koreksi_Data!$T$7:$T$2719)/1000 -> 474.47308 | M70: =IF(K70=0,"-",L70/K70-1) -> 0.72189857 | N70: =IFERROR(SUMPRODUCT((Koreksi_Data!$B$7:$B$2719=$A70)*ISNUMBER(Koreksi_Data!$Q$7:$Q$2719)*Koreksi_Data!$P$7:$P$2719)/SUMPRODUCT((Koreksi_Data!$B$7:$B$2719=$A70)*ISNUMBER(Koreksi_Data!$P$7:$P$2719)*Koreksi_Data!$Q$7:$Q$2719),"-") -> 0.5630026
A71: KKNA-1S | B71: =_xlfn.MINIFS(Koreksi_Data!$C$7:$C$2719,Koreksi_Data!$B$7:$B$2719,$A71) -> 36495 | C71: =_xlfn.MAXIFS(Koreksi_Data!$C$7:$C$2719,Koreksi_Data!$B$7:$B$2719,$A71) -> 42430 | D71: =COUNTIFS(Koreksi_Data!$B$7:$B$2719,$A71,Koreksi_Data!$P$7:$P$2719,">=0") -> 139 | E71: =COUNTIFS(Koreksi_Data!$B$7:$B$2719,$A71,Koreksi_Data!$Q$7:$Q$2719,">=0") -> 56 | F71: =SUMPRODUCT((Koreksi_Data!$B$7:$B$2719=$A71)*ISNUMBER(Koreksi_Data!$Q$7:$Q$2719)*(Koreksi_Data!$P$7:$P$2719>0)) -> 49 | G71: =IFERROR(_xlfn.MINIFS(Koreksi_Data!$R$7:$R$2719,Koreksi_Data!$B$7:$B$2719,$A71,Koreksi_Data!$P$7:$P$2719,">=0"),"-") -> 0 | H71: =IFERROR(_xlfn.MAXIFS(Koreksi_Data!$R$7:$R$2719,Koreksi_Data!$B$7:$B$2719,$A71,Koreksi_Data!$P$7:$P$2719,">=0"),"-") -> 16.718266 | I71: =IFERROR(AVERAGEIFS(Koreksi_Data!$R$7:$R$2719,Koreksi_Data!$B$7:$B$2719,$A71,Koreksi_Data!$P$7:$P$2719,">=0"),"-") -> 1.6954528 | J71: =INDEX(Koreksi_Data!$R$7:$R$2719,MATCH($A71,Koreksi_Data!$B$7:$B$2719,0)+COUNTIF(Koreksi_Data!$B$7:$B$2719,$A71)-1) -> 0.79734219 | K71: =SUMPRODUCT((Koreksi_Data!$B$7:$B$2719=$A71)*Koreksi_Data!$P$7:$P$2719*Koreksi_Data!$T$7:$T$2719)/1000 -> 117.312 | L71: =SUMPRODUCT((Koreksi_Data!$B$7:$B$2719=$A71)*Koreksi_Data!$S$7:$S$2719*Koreksi_Data!$T$7:$T$2719)/1000 -> 281.87732 | M71: =IF(K71=0,"-",L71/K71-1) -> 1.4028004 | N71: =IFERROR(SUMPRODUCT((Koreksi_Data!$B$7:$B$2719=$A71)*ISNUMBER(Koreksi_Data!$Q$7:$Q$2719)*Koreksi_Data!$P$7:$P$2719)/SUMPRODUCT((Koreksi_Data!$B$7:$B$2719=$A71)*ISNUMBER(Koreksi_Data!$P$7:$P$2719)*Koreksi_Data!$Q$7:$Q$2719),"-") -> 0.35816949
A72: KKNA-2 | B72: =_xlfn.MINIFS(Koreksi_Data!$C$7:$C$2719,Koreksi_Data!$B$7:$B$2719,$A72) -> 36161 | C72: =_xlfn.MAXIFS(Koreksi_Data!$C$7:$C$2719,Koreksi_Data!$B$7:$B$2719,$A72) -> 45505 | D72: =COUNTIFS(Koreksi_Data!$B$7:$B$2719,$A72,Koreksi_Data!$P$7:$P$2719,">=0") -> 153 | E72: =COUNTIFS(Koreksi_Data!$B$7:$B$2719,$A72,Koreksi_Data!$Q$7:$Q$2719,">=0") -> 54 | F72: =SUMPRODUCT((Koreksi_Data!$B$7:$B$2719=$A72)*ISNUMBER(Koreksi_Data!$Q$7:$Q$2719)*(Koreksi_Data!$P$7:$P$2719>0)) -> 48 | G72: =IFERROR(_xlfn.MINIFS(Koreksi_Data!$R$7:$R$2719,Koreksi_Data!$B$7:$B$2719,$A72,Koreksi_Data!$P$7:$P$2719,">=0"),"-") -> 0 | H72: =IFERROR(_xlfn.MAXIFS(Koreksi_Data!$R$7:$R$2719,Koreksi_Data!$B$7:$B$2719,$A72,Koreksi_Data!$P$7:$P$2719,">=0"),"-") -> 6.1417323 | I72: =IFERROR(AVERAGEIFS(Koreksi_Data!$R$7:$R$2719,Koreksi_Data!$B$7:$B$2719,$A72,Koreksi_Data!$P$7:$P$2719,">=0"),"-") -> 3.5523607 | J72: =INDEX(Koreksi_Data!$R$7:$R$2719,MATCH($A72,Koreksi_Data!$B$7:$B$2719,0)+COUNTIF(Koreksi_Data!$B$7:$B$2719,$A72)-1) -> 6.1417323 | K72: =SUMPRODUCT((Koreksi_Data!$B$7:$B$2719=$A72)*Koreksi_Data!$P$7:$P$2719*Koreksi_Data!$T$7:$T$2719)/1000 -> 243.73612 | L72: =SUMPRODUCT((Koreksi_Data!$B$7:$B$2719=$A72)*Koreksi_Data!$S$7:$S$2719*Koreksi_Data!$T$7:$T$2719)/1000 -> 367.97966 | M72: =IF(K72=0,"-",L72/K72-1) -> 0.5097461 | N72: =IFERROR(SUMPRODUCT((Koreksi_Data!$B$7:$B$2719=$A72)*ISNUMBER(Koreksi_Data!$Q$7:$Q$2719)*Koreksi_Data!$P$7:$P$2719)/SUMPRODUCT((Koreksi_Data!$B$7:$B$2719=$A72)*ISNUMBER(Koreksi_Data!$P$7:$P$2719)*Koreksi_Data!$Q$7:$Q$2719),"-") -> 0.78435762
A73: KKNA-3 | B73: =_xlfn.MINIFS(Koreksi_Data!$C$7:$C$2719,Koreksi_Data!$B$7:$B$2719,$A73) -> 37622 | C73: =_xlfn.MAXIFS(Koreksi_Data!$C$7:$C$2719,Koreksi_Data!$B$7:$B$2719,$A73) -> 42552 | D73: =COUNTIFS(Koreksi_Data!$B$7:$B$2719,$A73,Koreksi_Data!$P$7:$P$2719,">=0") -> 131 | E73: =COUNTIFS(Koreksi_Data!$B$7:$B$2719,$A73,Koreksi_Data!$Q$7:$Q$2719,">=0") -> 62 | F73: =SUMPRODUCT((Koreksi_Data!$B$7:$B$2719=$A73)*ISNUMBER(Koreksi_Data!$Q$7:$Q$2719)*(Koreksi_Data!$P$7:$P$2719>0)) -> 58 | G73: =IFERROR(_xlfn.MINIFS(Koreksi_Data!$R$7:$R$2719,Koreksi_Data!$B$7:$B$2719,$A73,Koreksi_Data!$P$7:$P$2719,">=0"),"-") -> 0 | H73: =IFERROR(_xlfn.MAXIFS(Koreksi_Data!$R$7:$R$2719,Koreksi_Data!$B$7:$B$2719,$A73,Koreksi_Data!$P$7:$P$2719,">=0"),"-") -> 3.3566434 | I73: =IFERROR(AVERAGEIFS(Koreksi_Data!$R$7:$R$2719,Koreksi_Data!$B$7:$B$2719,$A73,Koreksi_Data!$P$7:$P$2719,">=0"),"-") -> 1.2740979 | J73: =INDEX(Koreksi_Data!$R$7:$R$2719,MATCH($A73,Koreksi_Data!$B$7:$B$2719,0)+COUNTIF(Koreksi_Data!$B$7:$B$2719,$A73)-1) -> 0.72122762 | K73: =SUMPRODUCT((Koreksi_Data!$B$7:$B$2719=$A73)*Koreksi_Data!$P$7:$P$2719*Koreksi_Data!$T$7:$T$2719)/1000 -> 1085.7377 | L73: =SUMPRODUCT((Koreksi_Data!$B$7:$B$2719=$A73)*Koreksi_Data!$S$7:$S$2719*Koreksi_Data!$T$7:$T$2719)/1000 -> 1294.7659 | M73: =IF(K73=0,"-",L73/K73-1) -> 0.19252182 | N73: =IFERROR(SUMPRODUCT((Koreksi_Data!$B$7:$B$2719=$A73)*ISNUMBER(Koreksi_Data!$Q$7:$Q$2719)*Koreksi_Data!$P$7:$P$2719)/SUMPRODUCT((Koreksi_Data!$B$7:$B$2719=$A73)*ISNUMBER(Koreksi_Data!$P$7:$P$2719)*Koreksi_Data!$Q$7:$Q$2719),"-") -> 0.86858445
A74: KKNA-3ST | B74: =_xlfn.MINIFS(Koreksi_Data!$C$7:$C$2719,Koreksi_Data!$B$7:$B$2719,$A74) -> 41153 | C74: =_xlfn.MAXIFS(Koreksi_Data!$C$7:$C$2719,Koreksi_Data!$B$7:$B$2719,$A74) -> 46235 | D74: =COUNTIFS(Koreksi_Data!$B$7:$B$2719,$A74,Koreksi_Data!$P$7:$P$2719,">=0") -> 152 | E74: =COUNTIFS(Koreksi_Data!$B$7:$B$2719,$A74,Koreksi_Data!$Q$7:$Q$2719,">=0") -> 89 | F74: =SUMPRODUCT((Koreksi_Data!$B$7:$B$2719=$A74)*ISNUMBER(Koreksi_Data!$Q$7:$Q$2719)*(Koreksi_Data!$P$7:$P$2719>0)) -> 64 | G74: =IFERROR(_xlfn.MINIFS(Koreksi_Data!$R$7:$R$2719,Koreksi_Data!$B$7:$B$2719,$A74,Koreksi_Data!$P$7:$P$2719,">=0"),"-") -> 0 | H74: =IFERROR(_xlfn.MAXIFS(Koreksi_Data!$R$7:$R$2719,Koreksi_Data!$B$7:$B$2719,$A74,Koreksi_Data!$P$7:$P$2719,">=0"),"-") -> 11.952862 | I74: =IFERROR(AVERAGEIFS(Koreksi_Data!$R$7:$R$2719,Koreksi_Data!$B$7:$B$2719,$A74,Koreksi_Data!$P$7:$P$2719,">=0"),"-") -> 1.0187163 | J74: =INDEX(Koreksi_Data!$R$7:$R$2719,MATCH($A74,Koreksi_Data!$B$7:$B$2719,0)+COUNTIF(Koreksi_Data!$B$7:$B$2719,$A74)-1) -> 0.83846154 | K74: =SUMPRODUCT((Koreksi_Data!$B$7:$B$2719=$A74)*Koreksi_Data!$P$7:$P$2719*Koreksi_Data!$T$7:$T$2719)/1000 -> 447.18228 | L74: =SUMPRODUCT((Koreksi_Data!$B$7:$B$2719=$A74)*Koreksi_Data!$S$7:$S$2719*Koreksi_Data!$T$7:$T$2719)/1000 -> 334.04169 | M74: =IF(K74=0,"-",L74/K74-1) -> -0.25300777 | N74: =IFERROR(SUMPRODUCT((Koreksi_Data!$B$7:$B$2719=$A74)*ISNUMBER(Koreksi_Data!$Q$7:$Q$2719)*Koreksi_Data!$P$7:$P$2719)/SUMPRODUCT((Koreksi_Data!$B$7:$B$2719=$A74)*ISNUMBER(Koreksi_Data!$P$7:$P$2719)*Koreksi_Data!$Q$7:$Q$2719),"-") -> 1.2468751
A75: KKNA-4 | B75: =_xlfn.MINIFS(Koreksi_Data!$C$7:$C$2719,Koreksi_Data!$B$7:$B$2719,$A75) -> 38353 | C75: =_xlfn.MAXIFS(Koreksi_Data!$C$7:$C$2719,Koreksi_Data!$B$7:$B$2719,$A75) -> 46235 | D75: =COUNTIFS(Koreksi_Data!$B$7:$B$2719,$A75,Koreksi_Data!$P$7:$P$2719,">=0") -> 244 | E75: =COUNTIFS(Koreksi_Data!$B$7:$B$2719,$A75,Koreksi_Data!$Q$7:$Q$2719,">=0") -> 102 | F75: =SUMPRODUCT((Koreksi_Data!$B$7:$B$2719=$A75)*ISNUMBER(Koreksi_Data!$Q$7:$Q$2719)*(Koreksi_Data!$P$7:$P$2719>0)) -> 32 | G75: =IFERROR(_xlfn.MINIFS(Koreksi_Data!$R$7:$R$2719,Koreksi_Data!$B$7:$B$2719,$A75,Koreksi_Data!$P$7:$P$2719,">=0"),"-") -> 0.5106383 | H75: =IFERROR(_xlfn.MAXIFS(Koreksi_Data!$R$7:$R$2719,Koreksi_Data!$B$7:$B$2719,$A75,Koreksi_Data!$P$7:$P$2719,">=0"),"-") -> 3.8167939 | I75: =IFERROR(AVERAGEIFS(Koreksi_Data!$R$7:$R$2719,Koreksi_Data!$B$7:$B$2719,$A75,Koreksi_Data!$P$7:$P$2719,">=0"),"-") -> 2.7374533 | J75: =INDEX(Koreksi_Data!$R$7:$R$2719,MATCH($A75,Koreksi_Data!$B$7:$B$2719,0)+COUNTIF(Koreksi_Data!$B$7:$B$2719,$A75)-1) -> 3.8167939 | K75: =SUMPRODUCT((Koreksi_Data!$B$7:$B$2719=$A75)*Koreksi_Data!$P$7:$P$2719*Koreksi_Data!$T$7:$T$2719)/1000 -> 494.4642 | L75: =SUMPRODUCT((Koreksi_Data!$B$7:$B$2719=$A75)*Koreksi_Data!$S$7:$S$2719*Koreksi_Data!$T$7:$T$2719)/1000 -> 671.3958 | M75: =IF(K75=0,"-",L75/K75-1) -> 0.35782489 | N75: =IFERROR(SUMPRODUCT((Koreksi_Data!$B$7:$B$2719=$A75)*ISNUMBER(Koreksi_Data!$Q$7:$Q$2719)*Koreksi_Data!$P$7:$P$2719)/SUMPRODUCT((Koreksi_Data!$B$7:$B$2719=$A75)*ISNUMBER(Koreksi_Data!$P$7:$P$2719)*Koreksi_Data!$Q$7:$Q$2719),"-") -> 0.79472242
A76: KKNA-5ST | B76: =_xlfn.MINIFS(Koreksi_Data!$C$7:$C$2719,Koreksi_Data!$B$7:$B$2719,$A76) -> 41153 | C76: =_xlfn.MAXIFS(Koreksi_Data!$C$7:$C$2719,Koreksi_Data!$B$7:$B$2719,$A76) -> 45748 | D76: =COUNTIFS(Koreksi_Data!$B$7:$B$2719,$A76,Koreksi_Data!$P$7:$P$2719,">=0") -> 152 | E76: =COUNTIFS(Koreksi_Data!$B$7:$B$2719,$A76,Koreksi_Data!$Q$7:$Q$2719,">=0") -> 70 | F76: =SUMPRODUCT((Koreksi_Data!$B$7:$B$2719=$A76)*ISNUMBER(Koreksi_Data!$Q$7:$Q$2719)*(Koreksi_Data!$P$7:$P$2719>0)) -> 54 | G76: =IFERROR(_xlfn.MINIFS(Koreksi_Data!$R$7:$R$2719,Koreksi_Data!$B$7:$B$2719,$A76,Koreksi_Data!$P$7:$P$2719,">=0"),"-") -> 0 | H76: =IFERROR(_xlfn.MAXIFS(Koreksi_Data!$R$7:$R$2719,Koreksi_Data!$B$7:$B$2719,$A76,Koreksi_Data!$P$7:$P$2719,">=0"),"-") -> 4.1655541 | I76: =IFERROR(AVERAGEIFS(Koreksi_Data!$R$7:$R$2719,Koreksi_Data!$B$7:$B$2719,$A76,Koreksi_Data!$P$7:$P$2719,">=0"),"-") -> 0.97950617 | J76: =INDEX(Koreksi_Data!$R$7:$R$2719,MATCH($A76,Koreksi_Data!$B$7:$B$2719,0)+COUNTIF(Koreksi_Data!$B$7:$B$2719,$A76)-1) -> 1 | K76: =SUMPRODUCT((Koreksi_Data!$B$7:$B$2719=$A76)*Koreksi_Data!$P$7:$P$2719*Koreksi_Data!$T$7:$T$2719)/1000 -> 244.24935 | L76: =SUMPRODUCT((Koreksi_Data!$B$7:$B$2719=$A76)*Koreksi_Data!$S$7:$S$2719*Koreksi_Data!$T$7:$T$2719)/1000 -> 172.45543 | M76: =IF(K76=0,"-",L76/K76-1) -> -0.293937 | N76: =IFERROR(SUMPRODUCT((Koreksi_Data!$B$7:$B$2719=$A76)*ISNUMBER(Koreksi_Data!$Q$7:$Q$2719)*Koreksi_Data!$P$7:$P$2719)/SUMPRODUCT((Koreksi_Data!$B$7:$B$2719=$A76)*ISNUMBER(Koreksi_Data!$P$7:$P$2719)*Koreksi_Data!$Q$7:$Q$2719),"-") -> 1.4390903
A77: KKNB-1 | B77: =_xlfn.MINIFS(Koreksi_Data!$C$7:$C$2719,Koreksi_Data!$B$7:$B$2719,$A77) -> 42461 | C77: =_xlfn.MAXIFS(Koreksi_Data!$C$7:$C$2719,Koreksi_Data!$B$7:$B$2719,$A77) -> 46235 | D77: =COUNTIFS(Koreksi_Data!$B$7:$B$2719,$A77,Koreksi_Data!$P$7:$P$2719,">=0") -> 104 | E77: =COUNTIFS(Koreksi_Data!$B$7:$B$2719,$A77,Koreksi_Data!$Q$7:$Q$2719,">=0") -> 39 | F77: =SUMPRODUCT((Koreksi_Data!$B$7:$B$2719=$A77)*ISNUMBER(Koreksi_Data!$Q$7:$Q$2719)*(Koreksi_Data!$P$7:$P$2719>0)) -> 1 | G77: =IFERROR(_xlfn.MINIFS(Koreksi_Data!$R$7:$R$2719,Koreksi_Data!$B$7:$B$2719,$A77,Koreksi_Data!$P$7:$P$2719,">=0"),"-") -> 0 | H77: =IFERROR(_xlfn.MAXIFS(Koreksi_Data!$R$7:$R$2719,Koreksi_Data!$B$7:$B$2719,$A77,Koreksi_Data!$P$7:$P$2719,">=0"),"-") -> 1 | I77: =IFERROR(AVERAGEIFS(Koreksi_Data!$R$7:$R$2719,Koreksi_Data!$B$7:$B$2719,$A77,Koreksi_Data!$P$7:$P$2719,">=0"),"-") -> 0.99038462 | J77: =INDEX(Koreksi_Data!$R$7:$R$2719,MATCH($A77,Koreksi_Data!$B$7:$B$2719,0)+COUNTIF(Koreksi_Data!$B$7:$B$2719,$A77)-1) -> 1 | K77: =SUMPRODUCT((Koreksi_Data!$B$7:$B$2719=$A77)*Koreksi_Data!$P$7:$P$2719*Koreksi_Data!$T$7:$T$2719)/1000 -> 1.9406 | L77: =SUMPRODUCT((Koreksi_Data!$B$7:$B$2719=$A77)*Koreksi_Data!$S$7:$S$2719*Koreksi_Data!$T$7:$T$2719)/1000 -> 0 | M77: =IF(K77=0,"-",L77/K77-1) -> -1 | N77: =IFERROR(SUMPRODUCT((Koreksi_Data!$B$7:$B$2719=$A77)*ISNUMBER(Koreksi_Data!$Q$7:$Q$2719)*Koreksi_Data!$P$7:$P$2719)/SUMPRODUCT((Koreksi_Data!$B$7:$B$2719=$A77)*ISNUMBER(Koreksi_Data!$P$7:$P$2719)*Koreksi_Data!$Q$7:$Q$2719),"-") -> 6.9555556
... A80: KKNB-2 | B80: =_xlfn.MINIFS(Koreksi_Data!$C$7:$C$2719,Koreksi_Data!$B$7:$B$2719,$A80) -> 36281 | C80: =_xlfn.MAXIFS(Koreksi_Data!$C$7:$C$2719,Koreksi_Data!$B$7:$B$2719,$A80) -> 45748 | D80: =COUNTIFS(Koreksi_Data!$B$7:$B$2719,$A80,Koreksi_Data!$P$7:$P$2719,">=0") -> 279 | E80: =COUNTIFS(Koreksi_Data!$B$7:$B$2719,$A80,Koreksi_Data!$Q$7:$Q$2719,">=0") -> 55 | F80: =SUMPRODUCT((Koreksi_Data!$B$7:$B$2719=$A80)*ISNUMBER(Koreksi_Data!$Q$7:$Q$2719)*(Koreksi_Data!$P$7:$P$2719>0)) -> 38 | G80: =IFERROR(_xlfn.MINIFS(Koreksi_Data!$R$7:$R$2719,Koreksi_Data!$B$7:$B$2719,$A80,Koreksi_Data!$P$7:$P$2719,">=0"),"-") -> 0 | H80: =IFERROR(_xlfn.MAXIFS(Koreksi_Data!$R$7:$R$2719,Koreksi_Data!$B$7:$B$2719,$A80,Koreksi_Data!$P$7:$P$2719,">=0"),"-") -> 2.3172414 | I80: =IFERROR(AVERAGEIFS(Koreksi_Data!$R$7:$R$2719,Koreksi_Data!$B$7:$B$2719,$A80,Koreksi_Data!$P$7:$P$2719,">=0"),"-") -> 1.2587228 | J80: =INDEX(Koreksi_Data!$R$7:$R$2719,MATCH($A80,Koreksi_Data!$B$7:$B$2719,0)+COUNTIF(Koreksi_Data!$B$7:$B$2719,$A80)-1) -> 1 | K80: =SUMPRODUCT((Koreksi_Data!$B$7:$B$2719=$A80)*Koreksi_Data!$P$7:$P$2719*Koreksi_Data!$T$7:$T$2719)/1000 -> 1246.1073 | L80: =SUMPRODUCT((Koreksi_Data!$B$7:$B$2719=$A80)*Koreksi_Data!$S$7:$S$2719*Koreksi_Data!$T$7:$T$2719)/1000 -> 1605.6527 | M80: =IF(K80=0,"-",L80/K80-1) -> 0.28853479 | N80: =IFERROR(SUMPRODUCT((Koreksi_Data!$B$7:$B$2719=$A80)*ISNUMBER(Koreksi_Data!$Q$7:$Q$2719)*Koreksi_Data!$P$7:$P$2719)/SUMPRODUCT((Koreksi_Data!$B$7:$B$2719=$A80)*ISNUMBER(Koreksi_Data!$P$7:$P$2719)*Koreksi_Data!$Q$7:$Q$2719),"-") -> 0.89532042
A81: TOTAL LAPANGAN | K81: =SUM(K66:K80) -> 18763.111 | L81: =SUM(L66:L80) -> 19680.429 | M81: =IF(K81=0,"-",L81/K81-1) -> 0.048889471

Sheet Grafik_Oil
A1: GRAFIK OIL PER SUMUR: PRODUKSI vs WELL TEST (kiri = sebelum, kanan = sesudah koreksi)
A2: Garis = produksi, tanda x merah = well test. Sumbu X = tanggal minimum-maksimum data prod/WT sumur tsb; sumbu Y sama di kedua grafik.
A3: KKA-1
A19: KKA-2ST2L
A35: KKA-3
A51: KKA-4
A67: KKNA-1L
A83: KKNA-1S
A99: KKNA-2
A115: KKNA-3
A131: KKNA-3ST
A147: KKNA-4
... A227: KKNB-2

Sheet Grafik_Gas
A1: GRAFIK GAS PER SUMUR: PRODUKSI vs WELL TEST (kiri = sebelum, kanan = sesudah koreksi)
A2: Garis = produksi, tanda x merah = well test. Sumbu X = tanggal minimum-maksimum data prod/WT sumur tsb; sumbu Y sama di kedua grafik.
A3: KKA-1
A19: KKA-2ST2L
A35: KKA-3
A51: KKA-4
A67: KKNA-1L
A83: KKNA-1S
A99: KKNA-2
A115: KKNA-3
A131: KKNA-3ST
A147: KKNA-4
... A227: KKNB-2

Sheet Grafik_Water
A1: GRAFIK WATER PER SUMUR: PRODUKSI vs WELL TEST (kiri = sebelum, kanan = sesudah koreksi)
A2: Garis = produksi, tanda x merah = well test. Sumbu X = tanggal minimum-maksimum data prod/WT sumur tsb; sumbu Y sama di kedua grafik.
A3: KKA-1
A19: KKA-2ST2L
A35: KKA-3
A51: KKA-4
A67: KKNA-1L
A83: KKNA-1S
A99: KKNA-2
A115: KKNA-3
A131: KKNA-3ST
A147: KKNA-4
... A227: KKNB-2

Sheet Grafik_Fluid
A1: GRAFIK FLUID PER SUMUR: PRODUKSI vs WELL TEST (kiri = sebelum, kanan = sesudah koreksi)
A2: Garis = produksi, tanda x merah = well test. Sumbu X = tanggal minimum-maksimum data prod/WT sumur tsb; sumbu Y sama di kedua grafik.
A3: KKA-1
A19: KKA-2ST2L
A35: KKA-3
A51: KKA-4
A67: KKNA-1L
A83: KKNA-1S
A99: KKNA-2
A115: KKNA-3
A131: KKNA-3ST
A147: KKNA-4
... A227: KKNB-2

Sheet Koreksi_Data
A1: DATA PRODUKSI TERKOREKSI TERHADAP WELL TEST (METODE MULTIPLIER)
A2: Biru = data input dari file sumber (sheet Rekap). Hitam = rumus. Kolom Prod/WT kosong = tidak ada data pada bulan tsb. Prod Koreksi = WT pada bulan yang ada WT (dan Prod > 0); = Prod x Multiplier pada bulan lainnya.
A3: Aturan lengkap dan asumsi ada di sheet Metode.
D5: OIL (BOPD) | H5: GAS (MCFPD) | L5: WATER (BWPD) | P5: FLUID (BFPD)
A6: Platform | B6: Well | C6: Bulan | D6: Prod | E6: WT | F6: Multiplier | G6: Prod Koreksi | H6: Prod | I6: WT | J6: Multiplier | K6: Prod Koreksi | L6: Prod | M6: WT | N6: Multiplier | O6: Prod Koreksi | P6: Prod | Q6: WT | R6: Multiplier | S6: Prod Koreksi | T6: Hari/bulan
A7: KKA | B7: KKA-1 | C7: 37438 | D7: 0 | E7: 318.25 | F7: =IF(AND(ISNUMBER(E7),D7>0),E7/D7,IF($B7=$B6,IF(F6=0,1,F6),1)) -> 1 | G7: =IF(AND(ISNUMBER(E7),D7>0),E7,D7*F7) -> 0 | H7: 0 | I7: 4573.5 | J7: =IF(AND(ISNUMBER(I7),H7>0),I7/H7,IF($B7=$B6,IF(J6=0,1,J6),1)) -> 1 | K7: =IF(AND(ISNUMBER(I7),H7>0),I7,H7*J7) -> 0 | L7: 0 | M7: 16.25 | N7: =IF(AND(ISNUMBER(M7),L7>0),M7/L7,IF($B7=$B6,IF(N6=0,1,N6),1)) -> 1 | O7: =IF(AND(ISNUMBER(M7),L7>0),M7,L7*N7) -> 0 | P7: 0 | Q7: 334.25 | R7: =IF(AND(ISNUMBER(Q7),P7>0),Q7/P7,IF($B7=$B6,IF(R6=0,1,R6),1)) -> 1 | S7: =IF(AND(ISNUMBER(Q7),P7>0),Q7,P7*R7) -> 0 | T7: =DAY(EOMONTH(C7,0)) -> 31
A8: KKA | B8: KKA-1 | C8: 37469 | D8: 552 | E8: 579.2 | F8: =IF(AND(ISNUMBER(E8),D8>0),E8/D8,IF($B8=$B7,IF(F7=0,1,F7),1)) -> 1.0492754 | G8: =IF(AND(ISNUMBER(E8),D8>0),E8,D8*F8) -> 579.2 | H8: 4076 | I8: 7357.8 | J8: =IF(AND(ISNUMBER(I8),H8>0),I8/H8,IF($B8=$B7,IF(J7=0,1,J7),1)) -> 1.8051521 | K8: =IF(AND(ISNUMBER(I8),H8>0),I8,H8*J8) -> 7357.8 | L8: 0 | M8: 16.4 | N8: =IF(AND(ISNUMBER(M8),L8>0),M8/L8,IF($B8=$B7,IF(N7=0,1,N7),1)) -> 1 | O8: =IF(AND(ISNUMBER(M8),L8>0),M8,L8*N8) -> 0 | P8: 552 | Q8: 595.6 | R8: =IF(AND(ISNUMBER(Q8),P8>0),Q8/P8,IF($B8=$B7,IF(R7=0,1,R7),1)) -> 1.0789855 | S8: =IF(AND(ISNUMBER(Q8),P8>0),Q8,P8*R8) -> 595.6 | T8: =DAY(EOMONTH(C8,0)) -> 31
A9: KKA | B9: KKA-1 | C9: 37500 | D9: 561 | F9: =IF(AND(ISNUMBER(E9),D9>0),E9/D9,IF($B9=$B8,IF(F8=0,1,F8),1)) -> 1.0492754 | G9: =IF(AND(ISNUMBER(E9),D9>0),E9,D9*F9) -> 588.64348 | H9: 4013 | J9: =IF(AND(ISNUMBER(I9),H9>0),I9/H9,IF($B9=$B8,IF(J8=0,1,J8),1)) -> 1.8051521 | K9: =IF(AND(ISNUMBER(I9),H9>0),I9,H9*J9) -> 7244.0754 | L9: 0 | N9: =IF(AND(ISNUMBER(M9),L9>0),M9/L9,IF($B9=$B8,IF(N8=0,1,N8),1)) -> 1 | O9: =IF(AND(ISNUMBER(M9),L9>0),M9,L9*N9) -> 0 | P9: 561 | R9: =IF(AND(ISNUMBER(Q9),P9>0),Q9/P9,IF($B9=$B8,IF(R8=0,1,R8),1)) -> 1.0789855 | S9: =IF(AND(ISNUMBER(Q9),P9>0),Q9,P9*R9) -> 605.31087 | T9: =DAY(EOMONTH(C9,0)) -> 30
A10: KKA | B10: KKA-1 | C10: 37530 | D10: 543 | E10: 805 | F10: =IF(AND(ISNUMBER(E10),D10>0),E10/D10,IF($B10=$B9,IF(F9=0,1,F9),1)) -> 1.4825046 | G10: =IF(AND(ISNUMBER(E10),D10>0),E10,D10*F10) -> 805 | H10: 3637 | I10: 8043 | J10: =IF(AND(ISNUMBER(I10),H10>0),I10/H10,IF($B10=$B9,IF(J9=0,1,J9),1)) -> 2.211438 | K10: =IF(AND(ISNUMBER(I10),H10>0),I10,H10*J10) -> 8043 | L10: 0 | M10: 0 | N10: =IF(AND(ISNUMBER(M10),L10>0),M10/L10,IF($B10=$B9,IF(N9=0,1,N9),1)) -> 1 | O10: =IF(AND(ISNUMBER(M10),L10>0),M10,L10*N10) -> 0 | P10: 543 | Q10: 805 | R10: =IF(AND(ISNUMBER(Q10),P10>0),Q10/P10,IF($B10=$B9,IF(R9=0,1,R9),1)) -> 1.4825046 | S10: =IF(AND(ISNUMBER(Q10),P10>0),Q10,P10*R10) -> 805 | T10: =DAY(EOMONTH(C10,0)) -> 31
A11: KKA | B11: KKA-1 | C11: 37561 | D11: 568 | F11: =IF(AND(ISNUMBER(E11),D11>0),E11/D11,IF($B11=$B10,IF(F10=0,1,F10),1)) -> 1.4825046 | G11: =IF(AND(ISNUMBER(E11),D11>0),E11,D11*F11) -> 842.06262 | H11: 4225 | J11: =IF(AND(ISNUMBER(I11),H11>0),I11/H11,IF($B11=$B10,IF(J10=0,1,J10),1)) -> 2.211438 | K11: =IF(AND(ISNUMBER(I11),H11>0),I11,H11*J11) -> 9343.3255 | L11: 0 | N11: =IF(AND(ISNUMBER(M11),L11>0),M11/L11,IF($B11=$B10,IF(N10=0,1,N10),1)) -> 1 | O11: =IF(AND(ISNUMBER(M11),L11>0),M11,L11*N11) -> 0 | P11: 568 | R11: =IF(AND(ISNUMBER(Q11),P11>0),Q11/P11,IF($B11=$B10,IF(R10=0,1,R10),1)) -> 1.4825046 | S11: =IF(AND(ISNUMBER(Q11),P11>0),Q11,P11*R11) -> 842.06262 | T11: =DAY(EOMONTH(C11,0)) -> 30
A12: KKA | B12: KKA-1 | C12: 37591 | D12: 534 | E12: 732 | F12: =IF(AND(ISNUMBER(E12),D12>0),E12/D12,IF($B12=$B11,IF(F11=0,1,F11),1)) -> 1.3707865 | G12: =IF(AND(ISNUMBER(E12),D12>0),E12,D12*F12) -> 732 | H12: 3695 | I12: 7086 | J12: =IF(AND(ISNUMBER(I12),H12>0),I12/H12,IF($B12=$B11,IF(J11=0,1,J11),1)) -> 1.9177267 | K12: =IF(AND(ISNUMBER(I12),H12>0),I12,H12*J12) -> 7086 | L12: 0 | M12: 0 | N12: =IF(AND(ISNUMBER(M12),L12>0),M12/L12,IF($B12=$B11,IF(N11=0,1,N11),1)) -> 1 | O12: =IF(AND(ISNUMBER(M12),L12>0),M12,L12*N12) -> 0 | P12: 534 | Q12: 732 | R12: =IF(AND(ISNUMBER(Q12),P12>0),Q12/P12,IF($B12=$B11,IF(R11=0,1,R11),1)) -> 1.3707865 | S12: =IF(AND(ISNUMBER(Q12),P12>0),Q12,P12*R12) -> 732 | T12: =DAY(EOMONTH(C12,0)) -> 31
A13: KKA | B13: KKA-1 | C13: 37622 | D13: 485 | E13: 636 | F13: =IF(AND(ISNUMBER(E13),D13>0),E13/D13,IF($B13=$B12,IF(F12=0,1,F12),1)) -> 1.3113402 | G13: =IF(AND(ISNUMBER(E13),D13>0),E13,D13*F13) -> 636 | H13: 4167 | I13: 8067 | J13: =IF(AND(ISNUMBER(I13),H13>0),I13/H13,IF($B13=$B12,IF(J12=0,1,J12),1)) -> 1.9359251 | K13: =IF(AND(ISNUMBER(I13),H13>0),I13,H13*J13) -> 8067 | L13: 0 | M13: 0 | N13: =IF(AND(ISNUMBER(M13),L13>0),M13/L13,IF($B13=$B12,IF(N12=0,1,N12),1)) -> 1 | O13: =IF(AND(ISNUMBER(M13),L13>0),M13,L13*N13) -> 0 | P13: 485 | Q13: 636 | R13: =IF(AND(ISNUMBER(Q13),P13>0),Q13/P13,IF($B13=$B12,IF(R12=0,1,R12),1)) -> 1.3113402 | S13: =IF(AND(ISNUMBER(Q13),P13>0),Q13,P13*R13) -> 636 | T13: =DAY(EOMONTH(C13,0)) -> 31
A14: KKA | B14: KKA-1 | C14: 37653 | D14: 613 | F14: =IF(AND(ISNUMBER(E14),D14>0),E14/D14,IF($B14=$B13,IF(F13=0,1,F13),1)) -> 1.3113402 | G14: =IF(AND(ISNUMBER(E14),D14>0),E14,D14*F14) -> 803.85155 | H14: 4042 | J14: =IF(AND(ISNUMBER(I14),H14>0),I14/H14,IF($B14=$B13,IF(J13=0,1,J13),1)) -> 1.9359251 | K14: =IF(AND(ISNUMBER(I14),H14>0),I14,H14*J14) -> 7825.0094 | L14: 0 | N14: =IF(AND(ISNUMBER(M14),L14>0),M14/L14,IF($B14=$B13,IF(N13=0,1,N13),1)) -> 1 | O14: =IF(AND(ISNUMBER(M14),L14>0),M14,L14*N14) -> 0 | P14: 613 | R14: =IF(AND(ISNUMBER(Q14),P14>0),Q14/P14,IF($B14=$B13,IF(R13=0,1,R13),1)) -> 1.3113402 | S14: =IF(AND(ISNUMBER(Q14),P14>0),Q14,P14*R14) -> 803.85155 | T14: =DAY(EOMONTH(C14,0)) -> 28
A15: KKA | B15: KKA-1 | C15: 37681 | D15: 583 | E15: 744 | F15: =IF(AND(ISNUMBER(E15),D15>0),E15/D15,IF($B15=$B14,IF(F14=0,1,F14),1)) -> 1.2761578 | G15: =IF(AND(ISNUMBER(E15),D15>0),E15,D15*F15) -> 744 | H15: 4158 | I15: 12669 | J15: =IF(AND(ISNUMBER(I15),H15>0),I15/H15,IF($B15=$B14,IF(J14=0,1,J14),1)) -> 3.0468975 | K15: =IF(AND(ISNUMBER(I15),H15>0),I15,H15*J15) -> 12669 | L15: 0 | M15: 0 | N15: =IF(AND(ISNUMBER(M15),L15>0),M15/L15,IF($B15=$B14,IF(N14=0,1,N14),1)) -> 1 | O15: =IF(AND(ISNUMBER(M15),L15>0),M15,L15*N15) -> 0 | P15: 583 | Q15: 744 | R15: =IF(AND(ISNUMBER(Q15),P15>0),Q15/P15,IF($B15=$B14,IF(R14=0,1,R14),1)) -> 1.2761578 | S15: =IF(AND(ISNUMBER(Q15),P15>0),Q15,P15*R15) -> 744 | T15: =DAY(EOMONTH(C15,0)) -> 31
A16: KKA | B16: KKA-1 | C16: 37712 | D16: 517 | F16: =IF(AND(ISNUMBER(E16),D16>0),E16/D16,IF($B16=$B15,IF(F15=0,1,F15),1)) -> 1.2761578 | G16: =IF(AND(ISNUMBER(E16),D16>0),E16,D16*F16) -> 659.77358 | H16: 9749 | J16: =IF(AND(ISNUMBER(I16),H16>0),I16/H16,IF($B16=$B15,IF(J15=0,1,J15),1)) -> 3.0468975 | K16: =IF(AND(ISNUMBER(I16),H16>0),I16,H16*J16) -> 29704.204 | L16: 0 | N16: =IF(AND(ISNUMBER(M16),L16>0),M16/L16,IF($B16=$B15,IF(N15=0,1,N15),1)) -> 1 | O16: =IF(AND(ISNUMBER(M16),L16>0),M16,L16*N16) -> 0 | P16: 517 | R16: =IF(AND(ISNUMBER(Q16),P16>0),Q16/P16,IF($B16=$B15,IF(R15=0,1,R15),1)) -> 1.2761578 | S16: =IF(AND(ISNUMBER(Q16),P16>0),Q16,P16*R16) -> 659.77358 | T16: =DAY(EOMONTH(C16,0)) -> 30
A17: KKA | B17: KKA-1 | C17: 37742 | D17: 453 | E17: 527 | F17: =IF(AND(ISNUMBER(E17),D17>0),E17/D17,IF($B17=$B16,IF(F16=0,1,F16),1)) -> 1.1633554 | G17: =IF(AND(ISNUMBER(E17),D17>0),E17,D17*F17) -> 527 | H17: 5019 | I17: 5291 | J17: =IF(AND(ISNUMBER(I17),H17>0),I17/H17,IF($B17=$B16,IF(J16=0,1,J16),1)) -> 1.0541941 | K17: =IF(AND(ISNUMBER(I17),H17>0),I17,H17*J17) -> 5291 | L17: 0 | M17: 0 | N17: =IF(AND(ISNUMBER(M17),L17>0),M17/L17,IF($B17=$B16,IF(N16=0,1,N16),1)) -> 1 | O17: =IF(AND(ISNUMBER(M17),L17>0),M17,L17*N17) -> 0 | P17: 453 | Q17: 527 | R17: =IF(AND(ISNUMBER(Q17),P17>0),Q17/P17,IF($B17=$B16,IF(R16=0,1,R16),1)) -> 1.1633554 | S17: =IF(AND(ISNUMBER(Q17),P17>0),Q17,P17*R17) -> 527 | T17: =DAY(EOMONTH(C17,0)) -> 31
A18: KKA | B18: KKA-1 | C18: 37773 | D18: 421 | E18: 528 | F18: =IF(AND(ISNUMBER(E18),D18>0),E18/D18,IF($B18=$B17,IF(F17=0,1,F17),1)) -> 1.2541568 | G18: =IF(AND(ISNUMBER(E18),D18>0),E18,D18*F18) -> 528 | H18: 4568 | I18: 4713 | J18: =IF(AND(ISNUMBER(I18),H18>0),I18/H18,IF($B18=$B17,IF(J17=0,1,J17),1)) -> 1.0317426 | K18: =IF(AND(ISNUMBER(I18),H18>0),I18,H18*J18) -> 4713 | L18: 0 | M18: 0 | N18: =IF(AND(ISNUMBER(M18),L18>0),M18/L18,IF($B18=$B17,IF(N17=0,1,N17),1)) -> 1 | O18: =IF(AND(ISNUMBER(M18),L18>0),M18,L18*N18) -> 0 | P18: 421 | Q18: 528 | R18: =IF(AND(ISNUMBER(Q18),P18>0),Q18/P18,IF($B18=$B17,IF(R17=0,1,R17),1)) -> 1.2541568 | S18: =IF(AND(ISNUMBER(Q18),P18>0),Q18,P18*R18) -> 528 | T18: =DAY(EOMONTH(C18,0)) -> 30
A19: KKA | B19: KKA-1 | C19: 37803 | D19: 430 | E19: 559 | F19: =IF(AND(ISNUMBER(E19),D19>0),E19/D19,IF($B19=$B18,IF(F18=0,1,F18),1)) -> 1.3 | G19: =IF(AND(ISNUMBER(E19),D19>0),E19,D19*F19) -> 559 | H19: 5223 | I19: 5345 | J19: =IF(AND(ISNUMBER(I19),H19>0),I19/H19,IF($B19=$B18,IF(J18=0,1,J18),1)) -> 1.0233582 | K19: =IF(AND(ISNUMBER(I19),H19>0),I19,H19*J19) -> 5345 | L19: 0 | M19: 0 | N19: =IF(AND(ISNUMBER(M19),L19>0),M19/L19,IF($B19=$B18,IF(N18=0,1,N18),1)) -> 1 | O19: =IF(AND(ISNUMBER(M19),L19>0),M19,L19*N19) -> 0 | P19: 430 | Q19: 559 | R19: =IF(AND(ISNUMBER(Q19),P19>0),Q19/P19,IF($B19=$B18,IF(R18=0,1,R18),1)) -> 1.3 | S19: =IF(AND(ISNUMBER(Q19),P19>0),Q19,P19*R19) -> 559 | T19: =DAY(EOMONTH(C19,0)) -> 31
A20: KKA | B20: KKA-1 | C20: 37834 | D20: 464 | E20: 636 | F20: =IF(AND(ISNUMBER(E20),D20>0),E20/D20,IF($B20=$B19,IF(F19=0,1,F19),1)) -> 1.3706897 | G20: =IF(AND(ISNUMBER(E20),D20>0),E20,D20*F20) -> 636 | H20: 6048 | I20: 6024 | J20: =IF(AND(ISNUMBER(I20),H20>0),I20/H20,IF($B20=$B19,IF(J19=0,1,J19),1)) -> 0.99603175 | K20: =IF(AND(ISNUMBER(I20),H20>0),I20,H20*J20) -> 6024 | L20: 0 | M20: 0 | N20: =IF(AND(ISNUMBER(M20),L20>0),M20/L20,IF($B20=$B19,IF(N19=0,1,N19),1)) -> 1 | O20: =IF(AND(ISNUMBER(M20),L20>0),M20,L20*N20) -> 0 | P20: 464 | Q20: 636 | R20: =IF(AND(ISNUMBER(Q20),P20>0),Q20/P20,IF($B20=$B19,IF(R19=0,1,R19),1)) -> 1.3706897 | S20: =IF(AND(ISNUMBER(Q20),P20>0),Q20,P20*R20) -> 636 | T20: =DAY(EOMONTH(C20,0)) -> 31
A21: KKA | B21: KKA-1 | C21: 37865 | D21: 377 | E21: 564 | F21: =IF(AND(ISNUMBER(E21),D21>0),E21/D21,IF($B21=$B20,IF(F20=0,1,F20),1)) -> 1.4960212 | G21: =IF(AND(ISNUMBER(E21),D21>0),E21,D21*F21) -> 564 | H21: 5743 | I21: 5441 | J21: =IF(AND(ISNUMBER(I21),H21>0),I21/H21,IF($B21=$B20,IF(J20=0,1,J20),1)) -> 0.94741424 | K21: =IF(AND(ISNUMBER(I21),H21>0),I21,H21*J21) -> 5441 | L21: 0 | M21: 0 | N21: =IF(AND(ISNUMBER(M21),L21>0),M21/L21,IF($B21=$B20,IF(N20=0,1,N20),1)) -> 1 | O21: =IF(AND(ISNUMBER(M21),L21>0),M21,L21*N21) -> 0 | P21: 377 | Q21: 564 | R21: =IF(AND(ISNUMBER(Q21),P21>0),Q21/P21,IF($B21=$B20,IF(R20=0,1,R20),1)) -> 1.4960212 | S21: =IF(AND(ISNUMBER(Q21),P21>0),Q21,P21*R21) -> 564 | T21: =DAY(EOMONTH(C21,0)) -> 30
A22: KKA | B22: KKA-1 | C22: 37895 | D22: 532 | E22: 492 | F22: =IF(AND(ISNUMBER(E22),D22>0),E22/D22,IF($B22=$B21,IF(F21=0,1,F21),1)) -> 0.92481203 | G22: =IF(AND(ISNUMBER(E22),D22>0),E22,D22*F22) -> 492 | H22: 5979 | I22: 5435 | J22: =IF(AND(ISNUMBER(I22),H22>0),I22/H22,IF($B22=$B21,IF(J21=0,1,J21),1)) -> 0.90901489 | K22: =IF(AND(ISNUMBER(I22),H22>0),I22,H22*J22) -> 5435 | L22: 0 | M22: 0 | N22: =IF(AND(ISNUMBER(M22),L22>0),M22/L22,IF($B22=$B21,IF(N21=0,1,N21),1)) -> 1 | O22: =IF(AND(ISNUMBER(M22),L22>0),M22,L22*N22) -> 0 | P22: 532 | Q22: 492 | R22: =IF(AND(ISNUMBER(Q22),P22>0),Q22/P22,IF($B22=$B21,IF(R21=0,1,R21),1)) -> 0.92481203 | S22: =IF(AND(ISNUMBER(Q22),P22>0),Q22,P22*R22) -> 492 | T22: =DAY(EOMONTH(C22,0)) -> 31
A23: KKA | B23: KKA-1 | C23: 37926 | D23: 263 | E23: 312 | F23: =IF(AND(ISNUMBER(E23),D23>0),E23/D23,IF($B23=$B22,IF(F22=0,1,F22),1)) -> 1.1863118 | G23: =IF(AND(ISNUMBER(E23),D23>0),E23,D23*F23) -> 312 | H23: 5950 | I23: 5600 | J23: =IF(AND(ISNUMBER(I23),H23>0),I23/H23,IF($B23=$B22,IF(J22=0,1,J22),1)) -> 0.94117647 | K23: =IF(AND(ISNUMBER(I23),H23>0),I23,H23*J23) -> 5600 | L23: 0 | M23: 0 | N23: =IF(AND(ISNUMBER(M23),L23>0),M23/L23,IF($B23=$B22,IF(N22=0,1,N22),1)) -> 1 | O23: =IF(AND(ISNUMBER(M23),L23>0),M23,L23*N23) -> 0 | P23: 263 | Q23: 312 | R23: =IF(AND(ISNUMBER(Q23),P23>0),Q23/P23,IF($B23=$B22,IF(R22=0,1,R22),1)) -> 1.1863118 | S23: =IF(AND(ISNUMBER(Q23),P23>0),Q23,P23*R23) -> 312 | T23: =DAY(EOMONTH(C23,0)) -> 30
A24: KKA | B24: KKA-1 | C24: 37956 | D24: 329 | E24: 344 | F24: =IF(AND(ISNUMBER(E24),D24>0),E24/D24,IF($B24=$B23,IF(F23=0,1,F23),1)) -> 1.0455927 | G24: =IF(AND(ISNUMBER(E24),D24>0),E24,D24*F24) -> 344 | H24: 4377 | I24: 5648 | J24: =IF(AND(ISNUMBER(I24),H24>0),I24/H24,IF($B24=$B23,IF(J23=0,1,J23),1)) -> 1.2903815 | K24: =IF(AND(ISNUMBER(I24),H24>0),I24,H24*J24) -> 5648 | L24: 0 | M24: 0 | N24: =IF(AND(ISNUMBER(M24),L24>0),M24/L24,IF($B24=$B23,IF(N23=0,1,N23),1)) -> 1 | O24: =IF(AND(ISNUMBER(M24),L24>0),M24,L24*N24) -> 0 | P24: 329 | Q24: 344 | R24: =IF(AND(ISNUMBER(Q24),P24>0),Q24/P24,IF($B24=$B23,IF(R23=0,1,R23),1)) -> 1.0455927 | S24: =IF(AND(ISNUMBER(Q24),P24>0),Q24,P24*R24) -> 344 | T24: =DAY(EOMONTH(C24,0)) -> 31
A25: KKA | B25: KKA-1 | C25: 37987 | D25: 361 | E25: 499 | F25: =IF(AND(ISNUMBER(E25),D25>0),E25/D25,IF($B25=$B24,IF(F24=0,1,F24),1)) -> 1.3822715 | G25: =IF(AND(ISNUMBER(E25),D25>0),E25,D25*F25) -> 499 | H25: 4337 | I25: 5248 | J25: =IF(AND(ISNUMBER(I25),H25>0),I25/H25,IF($B25=$B24,IF(J24=0,1,J24),1)) -> 1.210053 | K25: =IF(AND(ISNUMBER(I25),H25>0),I25,H25*J25) -> 5248 | L25: 0 | M25: 0 | N25: =IF(AND(ISNUMBER(M25),L25>0),M25/L25,IF($B25=$B24,IF(N24=0,1,N24),1)) -> 1 | O25: =IF(AND(ISNUMBER(M25),L25>0),M25,L25*N25) -> 0 | P25: 361 | Q25: 499 | R25: =IF(AND(ISNUMBER(Q25),P25>0),Q25/P25,IF($B25=$B24,IF(R24=0,1,R24),1)) -> 1.3822715 | S25: =IF(AND(ISNUMBER(Q25),P25>0),Q25,P25*R25) -> 499 | T25: =DAY(EOMONTH(C25,0)) -> 31
A26: KKA | B26: KKA-1 | C26: 38018 | D26: 464 | E26: 498 | F26: =IF(AND(ISNUMBER(E26),D26>0),E26/D26,IF($B26=$B25,IF(F25=0,1,F25),1)) -> 1.0732759 | G26: =IF(AND(ISNUMBER(E26),D26>0),E26,D26*F26) -> 498 | H26: 4250 | I26: 5135 | J26: =IF(AND(ISNUMBER(I26),H26>0),I26/H26,IF($B26=$B25,IF(J25=0,1,J25),1)) -> 1.2082353 | K26: =IF(AND(ISNUMBER(I26),H26>0),I26,H26*J26) -> 5135 | L26: 0 | M26: 0 | N26: =IF(AND(ISNUMBER(M26),L26>0),M26/L26,IF($B26=$B25,IF(N25=0,1,N25),1)) -> 1 | O26: =IF(AND(ISNUMBER(M26),L26>0),M26,L26*N26) -> 0 | P26: 464 | Q26: 498 | R26: =IF(AND(ISNUMBER(Q26),P26>0),Q26/P26,IF($B26=$B25,IF(R25=0,1,R25),1)) -> 1.0732759 | S26: =IF(AND(ISNUMBER(Q26),P26>0),Q26,P26*R26) -> 498 | T26: =DAY(EOMONTH(C26,0)) -> 29
A27: KKA | B27: KKA-1 | C27: 38047 | D27: 258 | E27: 324 | F27: =IF(AND(ISNUMBER(E27),D27>0),E27/D27,IF($B27=$B26,IF(F26=0,1,F26),1)) -> 1.255814 | G27: =IF(AND(ISNUMBER(E27),D27>0),E27,D27*F27) -> 324 | H27: 3811 | I27: 5135 | J27: =IF(AND(ISNUMBER(I27),H27>0),I27/H27,IF($B27=$B26,IF(J26=0,1,J26),1)) -> 1.3474154 | K27: =IF(AND(ISNUMBER(I27),H27>0),I27,H27*J27) -> 5135 | L27: 0 | M27: 0 | N27: =IF(AND(ISNUMBER(M27),L27>0),M27/L27,IF($B27=$B26,IF(N26=0,1,N26),1)) -> 1 | O27: =IF(AND(ISNUMBER(M27),L27>0),M27,L27*N27) -> 0 | P27: 258 | Q27: 324 | R27: =IF(AND(ISNUMBER(Q27),P27>0),Q27/P27,IF($B27=$B26,IF(R26=0,1,R26),1)) -> 1.255814 | S27: =IF(AND(ISNUMBER(Q27),P27>0),Q27,P27*R27) -> 324 | T27: =DAY(EOMONTH(C27,0)) -> 31
A28: KKA | B28: KKA-1 | C28: 38078 | D28: 203 | E28: 384 | F28: =IF(AND(ISNUMBER(E28),D28>0),E28/D28,IF($B28=$B27,IF(F27=0,1,F27),1)) -> 1.8916256 | G28: =IF(AND(ISNUMBER(E28),D28>0),E28,D28*F28) -> 384 | H28: 4260 | I28: 5064 | J28: =IF(AND(ISNUMBER(I28),H28>0),I28/H28,IF($B28=$B27,IF(J27=0,1,J27),1)) -> 1.1887324 | K28: =IF(AND(ISNUMBER(I28),H28>0),I28,H28*J28) -> 5064 | L28: 0 | M28: 0 | N28: =IF(AND(ISNUMBER(M28),L28>0),M28/L28,IF($B28=$B27,IF(N27=0,1,N27),1)) -> 1 | O28: =IF(AND(ISNUMBER(M28),L28>0),M28,L28*N28) -> 0 | P28: 203 | Q28: 384 | R28: =IF(AND(ISNUMBER(Q28),P28>0),Q28/P28,IF($B28=$B27,IF(R27=0,1,R27),1)) -> 1.8916256 | S28: =IF(AND(ISNUMBER(Q28),P28>0),Q28,P28*R28) -> 384 | T28: =DAY(EOMONTH(C28,0)) -> 30
... A34: KKA | B34: KKA-1 | C34: 38261 | D34: 225 | E34: 388 | F34: =IF(AND(ISNUMBER(E34),D34>0),E34/D34,IF($B34=$B33,IF(F33=0,1,F33),1)) -> 1.7244444 | G34: =IF(AND(ISNUMBER(E34),D34>0),E34,D34*F34) -> 388 | H34: 3279 | I34: 3229 | J34: =IF(AND(ISNUMBER(I34),H34>0),I34/H34,IF($B34=$B33,IF(J33=0,1,J33),1)) -> 0.98475145 | K34: =IF(AND(ISNUMBER(I34),H34>0),I34,H34*J34) -> 3229 | L34: 21 | M34: 20 | N34: =IF(AND(ISNUMBER(M34),L34>0),M34/L34,IF($B34=$B33,IF(N33=0,1,N33),1)) -> 0.95238095 | O34: =IF(AND(ISNUMBER(M34),L34>0),M34,L34*N34) -> 20 | P34: 246 | Q34: 408 | R34: =IF(AND(ISNUMBER(Q34),P34>0),Q34/P34,IF($B34=$B33,IF(R33=0,1,R33),1)) -> 1.6585366 | S34: =IF(AND(ISNUMBER(Q34),P34>0),Q34,P34*R34) -> 408 | T34: =DAY(EOMONTH(C34,0)) -> 31
A35: KKA | B35: KKA-1 | C35: 38292 | D35: 242 | F35: =IF(AND(ISNUMBER(E35),D35>0),E35/D35,IF($B35=$B34,IF(F34=0,1,F34),1)) -> 1.7244444 | G35: =IF(AND(ISNUMBER(E35),D35>0),E35,D35*F35) -> 417.31556 | H35: 3459 | J35: =IF(AND(ISNUMBER(I35),H35>0),I35/H35,IF($B35=$B34,IF(J34=0,1,J34),1)) -> 0.98475145 | K35: =IF(AND(ISNUMBER(I35),H35>0),I35,H35*J35) -> 3406.2553 | L35: 21.9 | N35: =IF(AND(ISNUMBER(M35),L35>0),M35/L35,IF($B35=$B34,IF(N34=0,1,N34),1)) -> 0.95238095 | O35: =IF(AND(ISNUMBER(M35),L35>0),M35,L35*N35) -> 20.857143 | P35: 264 | R35: =IF(AND(ISNUMBER(Q35),P35>0),Q35/P35,IF($B35=$B34,IF(R34=0,1,R34),1)) -> 1.6585366 | S35: =IF(AND(ISNUMBER(Q35),P35>0),Q35,P35*R35) -> 437.85366 | T35: =DAY(EOMONTH(C35,0)) -> 30
A36: KKA | B36: KKA-1 | C36: 38322 | D36: 190 | F36: =IF(AND(ISNUMBER(E36),D36>0),E36/D36,IF($B36=$B35,IF(F35=0,1,F35),1)) -> 1.7244444 | G36: =IF(AND(ISNUMBER(E36),D36>0),E36,D36*F36) -> 327.64444 | H36: 3767 | J36: =IF(AND(ISNUMBER(I36),H36>0),I36/H36,IF($B36=$B35,IF(J35=0,1,J35),1)) -> 0.98475145 | K36: =IF(AND(ISNUMBER(I36),H36>0),I36,H36*J36) -> 3709.5587 | L36: 17.9 | N36: =IF(AND(ISNUMBER(M36),L36>0),M36/L36,IF($B36=$B35,IF(N35=0,1,N35),1)) -> 0.95238095 | O36: =IF(AND(ISNUMBER(M36),L36>0),M36,L36*N36) -> 17.047619 | P36: 208 | R36: =IF(AND(ISNUMBER(Q36),P36>0),Q36/P36,IF($B36=$B35,IF(R35=0,1,R35),1)) -> 1.6585366 | S36: =IF(AND(ISNUMBER(Q36),P36>0),Q36,P36*R36) -> 344.97561 | T36: =DAY(EOMONTH(C36,0)) -> 31
A37: KKA | B37: KKA-1 | C37: 38353 | D37: 293 | F37: =IF(AND(ISNUMBER(E37),D37>0),E37/D37,IF($B37=$B36,IF(F36=0,1,F36),1)) -> 1.7244444 | G37: =IF(AND(ISNUMBER(E37),D37>0),E37,D37*F37) -> 505.26222 | H37: 3542 | J37: =IF(AND(ISNUMBER(I37),H37>0),I37/H37,IF($B37=$B36,IF(J36=0,1,J36),1)) -> 0.98475145 | K37: =IF(AND(ISNUMBER(I37),H37>0),I37,H37*J37) -> 3487.9896 | L37: 7.16 | N37: =IF(AND(ISNUMBER(M37),L37>0),M37/L37,IF($B37=$B36,IF(N36=0,1,N36),1)) -> 0.95238095 | O37: =IF(AND(ISNUMBER(M37),L37>0),M37,L37*N37) -> 6.8190476 | P37: 300 | R37: =IF(AND(ISNUMBER(Q37),P37>0),Q37/P37,IF($B37=$B36,IF(R36=0,1,R36),1)) -> 1.6585366 | S37: =IF(AND(ISNUMBER(Q37),P37>0),Q37,P37*R37) -> 497.56098 | T37: =DAY(EOMONTH(C37,0)) -> 31
A38: KKA | B38: KKA-1 | C38: 38384 | D38: 194 | E38: 235 | F38: =IF(AND(ISNUMBER(E38),D38>0),E38/D38,IF($B38=$B37,IF(F37=0,1,F37),1)) -> 1.2113402 | G38: =IF(AND(ISNUMBER(E38),D38>0),E38,D38*F38) -> 235 | H38: 4211 | I38: 4484 | J38: =IF(AND(ISNUMBER(I38),H38>0),I38/H38,IF($B38=$B37,IF(J37=0,1,J37),1)) -> 1.0648302 | K38: =IF(AND(ISNUMBER(I38),H38>0),I38,H38*J38) -> 4484 | L38: 35.7 | M38: 101 | N38: =IF(AND(ISNUMBER(M38),L38>0),M38/L38,IF($B38=$B37,IF(N37=0,1,N37),1)) -> 2.8291317 | O38: =IF(AND(ISNUMBER(M38),L38>0),M38,L38*N38) -> 101 | P38: 230 | Q38: 336 | R38: =IF(AND(ISNUMBER(Q38),P38>0),Q38/P38,IF($B38=$B37,IF(R37=0,1,R37),1)) -> 1.4608696 | S38: =IF(AND(ISNUMBER(Q38),P38>0),Q38,P38*R38) -> 336 | T38: =DAY(EOMONTH(C38,0)) -> 28
A39: KKA | B39: KKA-1 | C39: 38412 | D39: 143 | E39: 193 | F39: =IF(AND(ISNUMBER(E39),D39>0),E39/D39,IF($B39=$B38,IF(F38=0,1,F38),1)) -> 1.3496503 | G39: =IF(AND(ISNUMBER(E39),D39>0),E39,D39*F39) -> 193 | H39: 4346 | I39: 4369 | J39: =IF(AND(ISNUMBER(I39),H39>0),I39/H39,IF($B39=$B38,IF(J38=0,1,J38),1)) -> 1.0052922 | K39: =IF(AND(ISNUMBER(I39),H39>0),I39,H39*J39) -> 4369 | L39: 31 | M39: 83 | N39: =IF(AND(ISNUMBER(M39),L39>0),M39/L39,IF($B39=$B38,IF(N38=0,1,N38),1)) -> 2.6774194 | O39: =IF(AND(ISNUMBER(M39),L39>0),M39,L39*N39) -> 83 | P39: 174 | Q39: 276 | R39: =IF(AND(ISNUMBER(Q39),P39>0),Q39/P39,IF($B39=$B38,IF(R38=0,1,R38),1)) -> 1.5862069 | S39: =IF(AND(ISNUMBER(Q39),P39>0),Q39,P39*R39) -> 276 | T39: =DAY(EOMONTH(C39,0)) -> 31
A40: KKA | B40: KKA-1 | C40: 38443 | D40: 129 | E40: 204 | F40: =IF(AND(ISNUMBER(E40),D40>0),E40/D40,IF($B40=$B39,IF(F39=0,1,F39),1)) -> 1.5813953 | G40: =IF(AND(ISNUMBER(E40),D40>0),E40,D40*F40) -> 204 | H40: 5090 | I40: 4578 | J40: =IF(AND(ISNUMBER(I40),H40>0),I40/H40,IF($B40=$B39,IF(J39=0,1,J39),1)) -> 0.89941061 | K40: =IF(AND(ISNUMBER(I40),H40>0),I40,H40*J40) -> 4578 | L40: 21.3 | M40: 84 | N40: =IF(AND(ISNUMBER(M40),L40>0),M40/L40,IF($B40=$B39,IF(N39=0,1,N39),1)) -> 3.943662 | O40: =IF(AND(ISNUMBER(M40),L40>0),M40,L40*N40) -> 84 | P40: 150 | Q40: 288 | R40: =IF(AND(ISNUMBER(Q40),P40>0),Q40/P40,IF($B40=$B39,IF(R39=0,1,R39),1)) -> 1.92 | S40: =IF(AND(ISNUMBER(Q40),P40>0),Q40,P40*R40) -> 288 | T40: =DAY(EOMONTH(C40,0)) -> 30
A41: KKA | B41: KKA-1 | C41: 38473 | D41: 188 | F41: =IF(AND(ISNUMBER(E41),D41>0),E41/D41,IF($B41=$B40,IF(F40=0,1,F40),1)) -> 1.5813953 | G41: =IF(AND(ISNUMBER(E41),D41>0),E41,D41*F41) -> 297.30233 | H41: 5118 | J41: =IF(AND(ISNUMBER(I41),H41>0),I41/H41,IF($B41=$B40,IF(J40=0,1,J40),1)) -> 0.89941061 | K41: =IF(AND(ISNUMBER(I41),H41>0),I41,H41*J41) -> 4603.1835 | L41: 71.9 | N41: =IF(AND(ISNUMBER(M41),L41>0),M41/L41,IF($B41=$B40,IF(N40=0,1,N40),1)) -> 3.943662 | O41: =IF(AND(ISNUMBER(M41),L41>0),M41,L41*N41) -> 283.5493 | P41: 259 | R41: =IF(AND(ISNUMBER(Q41),P41>0),Q41/P41,IF($B41=$B40,IF(R40=0,1,R40),1)) -> 1.92 | S41: =IF(AND(ISNUMBER(Q41),P41>0),Q41,P41*R41) -> 497.28 | T41: =DAY(EOMONTH(C41,0)) -> 31
A42: KKA | B42: KKA-1 | C42: 38504 | D42: 201 | F42: =IF(AND(ISNUMBER(E42),D42>0),E42/D42,IF($B42=$B41,IF(F41=0,1,F41),1)) -> 1.5813953 | G42: =IF(AND(ISNUMBER(E42),D42>0),E42,D42*F42) -> 317.86047 | H42: 4897 | J42: =IF(AND(ISNUMBER(I42),H42>0),I42/H42,IF($B42=$B41,IF(J41=0,1,J41),1)) -> 0.89941061 | K42: =IF(AND(ISNUMBER(I42),H42>0),I42,H42*J42) -> 4404.4138 | L42: 17.5 | N42: =IF(AND(ISNUMBER(M42),L42>0),M42/L42,IF($B42=$B41,IF(N41=0,1,N41),1)) -> 3.943662 | O42: =IF(AND(ISNUMBER(M42),L42>0),M42,L42*N42) -> 69.014085 | P42: 218 | R42: =IF(AND(ISNUMBER(Q42),P42>0),Q42/P42,IF($B42=$B41,IF(R41=0,1,R41),1)) -> 1.92 | S42: =IF(AND(ISNUMBER(Q42),P42>0),Q42,P42*R42) -> 418.56 | T42: =DAY(EOMONTH(C42,0)) -> 30
A43: KKA | B43: KKA-1 | C43: 38534 | D43: 140 | E43: 226 | F43: =IF(AND(ISNUMBER(E43),D43>0),E43/D43,IF($B43=$B42,IF(F42=0,1,F42),1)) -> 1.6142857 | G43: =IF(AND(ISNUMBER(E43),D43>0),E43,D43*F43) -> 226 | H43: 4527 | I43: 6247 | J43: =IF(AND(ISNUMBER(I43),H43>0),I43/H43,IF($B43=$B42,IF(J42=0,1,J42),1)) -> 1.3799426 | K43: =IF(AND(ISNUMBER(I43),H43>0),I43,H43*J43) -> 6247 | L43: 75.9 | M43: 88 | N43: =IF(AND(ISNUMBER(M43),L43>0),M43/L43,IF($B43=$B42,IF(N42=0,1,N42),1)) -> 1.1594203 | O43: =IF(AND(ISNUMBER(M43),L43>0),M43,L43*N43) -> 88 | P43: 215 | Q43: 314 | R43: =IF(AND(ISNUMBER(Q43),P43>0),Q43/P43,IF($B43=$B42,IF(R42=0,1,R42),1)) -> 1.4604651 | S43: =IF(AND(ISNUMBER(Q43),P43>0),Q43,P43*R43) -> 314 | T43: =DAY(EOMONTH(C43,0)) -> 31
A44: KKA | B44: KKA-1 | C44: 38565 | D44: 147 | E44: 225.33333 | F44: =IF(AND(ISNUMBER(E44),D44>0),E44/D44,IF($B44=$B43,IF(F43=0,1,F43),1)) -> 1.5328798 | G44: =IF(AND(ISNUMBER(E44),D44>0),E44,D44*F44) -> 225.33333 | H44: 4981 | I44: 7222.3333 | J44: =IF(AND(ISNUMBER(I44),H44>0),I44/H44,IF($B44=$B43,IF(J43=0,1,J43),1)) -> 1.4499766 | K44: =IF(AND(ISNUMBER(I44),H44>0),I44,H44*J44) -> 7222.3333 | L44: 94.2 | M44: 83.333333 | N44: =IF(AND(ISNUMBER(M44),L44>0),M44/L44,IF($B44=$B43,IF(N43=0,1,N43),1)) -> 0.8846426 | O44: =IF(AND(ISNUMBER(M44),L44>0),M44,L44*N44) -> 83.333333 | P44: 241 | Q44: 308.66667 | R44: =IF(AND(ISNUMBER(Q44),P44>0),Q44/P44,IF($B44=$B43,IF(R43=0,1,R43),1)) -> 1.2807746 | S44: =IF(AND(ISNUMBER(Q44),P44>0),Q44,P44*R44) -> 308.66667 | T44: =DAY(EOMONTH(C44,0)) -> 31
A45: KKA | B45: KKA-1 | C45: 38596 | D45: 85.3 | E45: 193 | F45: =IF(AND(ISNUMBER(E45),D45>0),E45/D45,IF($B45=$B44,IF(F44=0,1,F44),1)) -> 2.2626026 | G45: =IF(AND(ISNUMBER(E45),D45>0),E45,D45*F45) -> 193 | H45: 4546 | I45: 5564 | J45: =IF(AND(ISNUMBER(I45),H45>0),I45/H45,IF($B45=$B44,IF(J44=0,1,J44),1)) -> 1.2239331 | K45: =IF(AND(ISNUMBER(I45),H45>0),I45,H45*J45) -> 5564 | L45: 69.6 | M45: 71 | N45: =IF(AND(ISNUMBER(M45),L45>0),M45/L45,IF($B45=$B44,IF(N44=0,1,N44),1)) -> 1.0201149 | O45: =IF(AND(ISNUMBER(M45),L45>0),M45,L45*N45) -> 71 | P45: 155 | Q45: 264 | R45: =IF(AND(ISNUMBER(Q45),P45>0),Q45/P45,IF($B45=$B44,IF(R44=0,1,R44),1)) -> 1.7032258 | S45: =IF(AND(ISNUMBER(Q45),P45>0),Q45,P45*R45) -> 264 | T45: =DAY(EOMONTH(C45,0)) -> 30
A46: KKA | B46: KKA-1 | C46: 38626 | D46: 68.2 | F46: =IF(AND(ISNUMBER(E46),D46>0),E46/D46,IF($B46=$B45,IF(F45=0,1,F45),1)) -> 2.2626026 | G46: =IF(AND(ISNUMBER(E46),D46>0),E46,D46*F46) -> 154.3095 | H46: 4279 | J46: =IF(AND(ISNUMBER(I46),H46>0),I46/H46,IF($B46=$B45,IF(J45=0,1,J45),1)) -> 1.2239331 | K46: =IF(AND(ISNUMBER(I46),H46>0),I46,H46*J46) -> 5237.2099 | L46: 62.5 | N46: =IF(AND(ISNUMBER(M46),L46>0),M46/L46,IF($B46=$B45,IF(N45=0,1,N45),1)) -> 1.0201149 | O46: =IF(AND(ISNUMBER(M46),L46>0),M46,L46*N46) -> 63.757184 | P46: 131 | R46: =IF(AND(ISNUMBER(Q46),P46>0),Q46/P46,IF($B46=$B45,IF(R45=0,1,R45),1)) -> 1.7032258 | S46: =IF(AND(ISNUMBER(Q46),P46>0),Q46,P46*R46) -> 223.12258 | T46: =DAY(EOMONTH(C46,0)) -> 31
A47: KKA | B47: KKA-1 | C47: 38657 | D47: 68.8 | E47: 229.5 | F47: =IF(AND(ISNUMBER(E47),D47>0),E47/D47,IF($B47=$B46,IF(F46=0,1,F46),1)) -> 3.3357558 | G47: =IF(AND(ISNUMBER(E47),D47>0),E47,D47*F47) -> 229.5 | H47: 4119 | I47: 4978 | J47: =IF(AND(ISNUMBER(I47),H47>0),I47/H47,IF($B47=$B46,IF(J46=0,1,J46),1)) -> 1.2085458 | K47: =IF(AND(ISNUMBER(I47),H47>0),I47,H47*J47) -> 4978 | L47: 79.8 | M47: 82.5 | N47: =IF(AND(ISNUMBER(M47),L47>0),M47/L47,IF($B47=$B46,IF(N46=0,1,N46),1)) -> 1.0338346 | O47: =IF(AND(ISNUMBER(M47),L47>0),M47,L47*N47) -> 82.5 | P47: 149 | Q47: 312 | R47: =IF(AND(ISNUMBER(Q47),P47>0),Q47/P47,IF($B47=$B46,IF(R46=0,1,R46),1)) -> 2.0939597 | S47: =IF(AND(ISNUMBER(Q47),P47>0),Q47,P47*R47) -> 312 | T47: =DAY(EOMONTH(C47,0)) -> 30
A48: KKA | B48: KKA-1 | C48: 38687 | D48: 106 | F48: =IF(AND(ISNUMBER(E48),D48>0),E48/D48,IF($B48=$B47,IF(F47=0,1,F47),1)) -> 3.3357558 | G48: =IF(AND(ISNUMBER(E48),D48>0),E48,D48*F48) -> 353.59012 | H48: 4039 | J48: =IF(AND(ISNUMBER(I48),H48>0),I48/H48,IF($B48=$B47,IF(J47=0,1,J47),1)) -> 1.2085458 | K48: =IF(AND(ISNUMBER(I48),H48>0),I48,H48*J48) -> 4881.3163 | L48: 137 | N48: =IF(AND(ISNUMBER(M48),L48>0),M48/L48,IF($B48=$B47,IF(N47=0,1,N47),1)) -> 1.0338346 | O48: =IF(AND(ISNUMBER(M48),L48>0),M48,L48*N48) -> 141.63534 | P48: 243 | R48: =IF(AND(ISNUMBER(Q48),P48>0),Q48/P48,IF($B48=$B47,IF(R47=0,1,R47),1)) -> 2.0939597 | S48: =IF(AND(ISNUMBER(Q48),P48>0),Q48,P48*R48) -> 508.83221 | T48: =DAY(EOMONTH(C48,0)) -> 31
A49: KKA | B49: KKA-1 | C49: 38718 | D49: 188 | F49: =IF(AND(ISNUMBER(E49),D49>0),E49/D49,IF($B49=$B48,IF(F48=0,1,F48),1)) -> 3.3357558 | G49: =IF(AND(ISNUMBER(E49),D49>0),E49,D49*F49) -> 627.12209 | H49: 3932 | J49: =IF(AND(ISNUMBER(I49),H49>0),I49/H49,IF($B49=$B48,IF(J48=0,1,J48),1)) -> 1.2085458 | K49: =IF(AND(ISNUMBER(I49),H49>0),I49,H49*J49) -> 4752.0019 | L49: 81 | N49: =IF(AND(ISNUMBER(M49),L49>0),M49/L49,IF($B49=$B48,IF(N48=0,1,N48),1)) -> 1.0338346 | O49: =IF(AND(ISNUMBER(M49),L49>0),M49,L49*N49) -> 83.740602 | P49: 269 | R49: =IF(AND(ISNUMBER(Q49),P49>0),Q49/P49,IF($B49=$B48,IF(R48=0,1,R48),1)) -> 2.0939597 | S49: =IF(AND(ISNUMBER(Q49),P49>0),Q49,P49*R49) -> 563.27517 | T49: =DAY(EOMONTH(C49,0)) -> 31
A50: KKA | B50: KKA-1 | C50: 38749 | D50: 128 | F50: =IF(AND(ISNUMBER(E50),D50>0),E50/D50,IF($B50=$B49,IF(F49=0,1,F49),1)) -> 3.3357558 | G50: =IF(AND(ISNUMBER(E50),D50>0),E50,D50*F50) -> 426.97674 | H50: 4308 | J50: =IF(AND(ISNUMBER(I50),H50>0),I50/H50,IF($B50=$B49,IF(J49=0,1,J49),1)) -> 1.2085458 | K50: =IF(AND(ISNUMBER(I50),H50>0),I50,H50*J50) -> 5206.4151 | L50: 86.7 | N50: =IF(AND(ISNUMBER(M50),L50>0),M50/L50,IF($B50=$B49,IF(N49=0,1,N49),1)) -> 1.0338346 | O50: =IF(AND(ISNUMBER(M50),L50>0),M50,L50*N50) -> 89.633459 | P50: 214 | R50: =IF(AND(ISNUMBER(Q50),P50>0),Q50/P50,IF($B50=$B49,IF(R49=0,1,R49),1)) -> 2.0939597 | S50: =IF(AND(ISNUMBER(Q50),P50>0),Q50,P50*R50) -> 448.10738 | T50: =DAY(EOMONTH(C50,0)) -> 28
A51: KKA | B51: KKA-1 | C51: 38777 | D51: 100 | E51: 187 | F51: =IF(AND(ISNUMBER(E51),D51>0),E51/D51,IF($B51=$B50,IF(F50=0,1,F50),1)) -> 1.87 | G51: =IF(AND(ISNUMBER(E51),D51>0),E51,D51*F51) -> 187 | H51: 4325 | I51: 5407.5 | J51: =IF(AND(ISNUMBER(I51),H51>0),I51/H51,IF($B51=$B50,IF(J50=0,1,J50),1)) -> 1.250289 | K51: =IF(AND(ISNUMBER(I51),H51>0),I51,H51*J51) -> 5407.5 | L51: 72.7 | M51: 69 | N51: =IF(AND(ISNUMBER(M51),L51>0),M51/L51,IF($B51=$B50,IF(N50=0,1,N50),1)) -> 0.94910591 | O51: =IF(AND(ISNUMBER(M51),L51>0),M51,L51*N51) -> 69 | P51: 173 | Q51: 256 | R51: =IF(AND(ISNUMBER(Q51),P51>0),Q51/P51,IF($B51=$B50,IF(R50=0,1,R50),1)) -> 1.4797688 | S51: =IF(AND(ISNUMBER(Q51),P51>0),Q51,P51*R51) -> 256 | T51: =DAY(EOMONTH(C51,0)) -> 31
A52: KKA | B52: KKA-1 | C52: 38808 | D52: 94.3 | E52: 178 | F52: =IF(AND(ISNUMBER(E52),D52>0),E52/D52,IF($B52=$B51,IF(F51=0,1,F51),1)) -> 1.8875928 | G52: =IF(AND(ISNUMBER(E52),D52>0),E52,D52*F52) -> 178 | H52: 3049 | I52: 1934 | J52: =IF(AND(ISNUMBER(I52),H52>0),I52/H52,IF($B52=$B51,IF(J51=0,1,J51),1)) -> 0.63430633 | K52: =IF(AND(ISNUMBER(I52),H52>0),I52,H52*J52) -> 1934 | L52: 68.5 | M52: 62 | N52: =IF(AND(ISNUMBER(M52),L52>0),M52/L52,IF($B52=$B51,IF(N51=0,1,N51),1)) -> 0.90510949 | O52: =IF(AND(ISNUMBER(M52),L52>0),M52,L52*N52) -> 62 | P52: 163 | Q52: 240 | R52: =IF(AND(ISNUMBER(Q52),P52>0),Q52/P52,IF($B52=$B51,IF(R51=0,1,R51),1)) -> 1.4723926 | S52: =IF(AND(ISNUMBER(Q52),P52>0),Q52,P52*R52) -> 240 | T52: =DAY(EOMONTH(C52,0)) -> 30
A53: KKA | B53: KKA-1 | C53: 38838 | D53: 108 | E53: 173.5 | F53: =IF(AND(ISNUMBER(E53),D53>0),E53/D53,IF($B53=$B52,IF(F52=0,1,F52),1)) -> 1.6064815 | G53: =IF(AND(ISNUMBER(E53),D53>0),E53,D53*F53) -> 173.5 | H53: 2858 | I53: 3810 | J53: =IF(AND(ISNUMBER(I53),H53>0),I53/H53,IF($B53=$B52,IF(J52=0,1,J52),1)) -> 1.3331001 | K53: =IF(AND(ISNUMBER(I53),H53>0),I53,H53*J53) -> 3810 | L53: 77.9 | M53: 62.5 | N53: =IF(AND(ISNUMBER(M53),L53>0),M53/L53,IF($B53=$B52,IF(N52=0,1,N52),1)) -> 0.80231065 | O53: =IF(AND(ISNUMBER(M53),L53>0),M53,L53*N53) -> 62.5 | P53: 186 | Q53: 236 | R53: =IF(AND(ISNUMBER(Q53),P53>0),Q53/P53,IF($B53=$B52,IF(R52=0,1,R52),1)) -> 1.2688172 | S53: =IF(AND(ISNUMBER(Q53),P53>0),Q53,P53*R53) -> 236 | T53: =DAY(EOMONTH(C53,0)) -> 31
A54: KKA | B54: KKA-1 | C54: 38869 | D54: 87.5 | E54: 117 | F54: =IF(AND(ISNUMBER(E54),D54>0),E54/D54,IF($B54=$B53,IF(F53=0,1,F53),1)) -> 1.3371429 | G54: =IF(AND(ISNUMBER(E54),D54>0),E54,D54*F54) -> 117 | H54: 3139 | I54: 3740 | J54: =IF(AND(ISNUMBER(I54),H54>0),I54/H54,IF($B54=$B53,IF(J53=0,1,J53),1)) -> 1.1914622 | K54: =IF(AND(ISNUMBER(I54),H54>0),I54,H54*J54) -> 3740 | L54: 140 | M54: 43 | N54: =IF(AND(ISNUMBER(M54),L54>0),M54/L54,IF($B54=$B53,IF(N53=0,1,N53),1)) -> 0.30714286 | O54: =IF(AND(ISNUMBER(M54),L54>0),M54,L54*N54) -> 43 | P54: 228 | Q54: 160 | R54: =IF(AND(ISNUMBER(Q54),P54>0),Q54/P54,IF($B54=$B53,IF(R53=0,1,R53),1)) -> 0.70175439 | S54: =IF(AND(ISNUMBER(Q54),P54>0),Q54,P54*R54) -> 160 | T54: =DAY(EOMONTH(C54,0)) -> 30
A55: KKA | B55: KKA-1 | C55: 38899 | D55: 120 | E55: 201 | F55: =IF(AND(ISNUMBER(E55),D55>0),E55/D55,IF($B55=$B54,IF(F54=0,1,F54),1)) -> 1.675 | G55: =IF(AND(ISNUMBER(E55),D55>0),E55,D55*F55) -> 201 | H55: 4648 | I55: 5699 | J55: =IF(AND(ISNUMBER(I55),H55>0),I55/H55,IF($B55=$B54,IF(J54=0,1,J54),1)) -> 1.2261188 | K55: =IF(AND(ISNUMBER(I55),H55>0),I55,H55*J55) -> 5699 | L55: 192 | M55: 75 | N55: =IF(AND(ISNUMBER(M55),L55>0),M55/L55,IF($B55=$B54,IF(N54=0,1,N54),1)) -> 0.390625 | O55: =IF(AND(ISNUMBER(M55),L55>0),M55,L55*N55) -> 75 | P55: 312 | Q55: 276 | R55: =IF(AND(ISNUMBER(Q55),P55>0),Q55/P55,IF($B55=$B54,IF(R54=0,1,R54),1)) -> 0.88461538 | S55: =IF(AND(ISNUMBER(Q55),P55>0),Q55,P55*R55) -> 276 | T55: =DAY(EOMONTH(C55,0)) -> 31
A56: KKA | B56: KKA-1 | C56: 38930 | D56: 124 | F56: =IF(AND(ISNUMBER(E56),D56>0),E56/D56,IF($B56=$B55,IF(F55=0,1,F55),1)) -> 1.675 | G56: =IF(AND(ISNUMBER(E56),D56>0),E56,D56*F56) -> 207.7 | H56: 4969 | J56: =IF(AND(ISNUMBER(I56),H56>0),I56/H56,IF($B56=$B55,IF(J55=0,1,J55),1)) -> 1.2261188 | K56: =IF(AND(ISNUMBER(I56),H56>0),I56,H56*J56) -> 6092.5841 | L56: 103 | N56: =IF(AND(ISNUMBER(M56),L56>0),M56/L56,IF($B56=$B55,IF(N55=0,1,N55),1)) -> 0.390625 | O56: =IF(AND(ISNUMBER(M56),L56>0),M56,L56*N56) -> 40.234375 | P56: 227 | R56: =IF(AND(ISNUMBER(Q56),P56>0),Q56/P56,IF($B56=$B55,IF(R55=0,1,R55),1)) -> 0.88461538 | S56: =IF(AND(ISNUMBER(Q56),P56>0),Q56,P56*R56) -> 200.80769 | T56: =DAY(EOMONTH(C56,0)) -> 31
A57: KKA | B57: KKA-1 | C57: 38961 | D57: 128 | F57: =IF(AND(ISNUMBER(E57),D57>0),E57/D57,IF($B57=$B56,IF(F56=0,1,F56),1)) -> 1.675 | G57: =IF(AND(ISNUMBER(E57),D57>0),E57,D57*F57) -> 214.4 | H57: 5242 | J57: =IF(AND(ISNUMBER(I57),H57>0),I57/H57,IF($B57=$B56,IF(J56=0,1,J56),1)) -> 1.2261188 | K57: =IF(AND(ISNUMBER(I57),H57>0),I57,H57*J57) -> 6427.3145 | L57: 85.1 | N57: =IF(AND(ISNUMBER(M57),L57>0),M57/L57,IF($B57=$B56,IF(N56=0,1,N56),1)) -> 0.390625 | O57: =IF(AND(ISNUMBER(M57),L57>0),M57,L57*N57) -> 33.242188 | P57: 213 | R57: =IF(AND(ISNUMBER(Q57),P57>0),Q57/P57,IF($B57=$B56,IF(R56=0,1,R56),1)) -> 0.88461538 | S57: =IF(AND(ISNUMBER(Q57),P57>0),Q57,P57*R57) -> 188.42308 | T57: =DAY(EOMONTH(C57,0)) -> 30
A58: KKA | B58: KKA-1 | C58: 38991 | D58: 147 | E58: 204 | F58: =IF(AND(ISNUMBER(E58),D58>0),E58/D58,IF($B58=$B57,IF(F57=0,1,F57),1)) -> 1.3877551 | G58: =IF(AND(ISNUMBER(E58),D58>0),E58,D58*F58) -> 204 | H58: 3774 | I58: 4000 | J58: =IF(AND(ISNUMBER(I58),H58>0),I58/H58,IF($B58=$B57,IF(J57=0,1,J57),1)) -> 1.0598834 | K58: =IF(AND(ISNUMBER(I58),H58>0),I58,H58*J58) -> 4000 | L58: 83.1 | M58: 68 | N58: =IF(AND(ISNUMBER(M58),L58>0),M58/L58,IF($B58=$B57,IF(N57=0,1,N57),1)) -> 0.81829122 | O58: =IF(AND(ISNUMBER(M58),L58>0),M58,L58*N58) -> 68 | P58: 230 | Q58: 272 | R58: =IF(AND(ISNUMBER(Q58),P58>0),Q58/P58,IF($B58=$B57,IF(R57=0,1,R57),1)) -> 1.1826087 | S58: =IF(AND(ISNUMBER(Q58),P58>0),Q58,P58*R58) -> 272 | T58: =DAY(EOMONTH(C58,0)) -> 31
A59: KKA | B59: KKA-1 | C59: 39022 | D59: 116 | E59: 216 | F59: =IF(AND(ISNUMBER(E59),D59>0),E59/D59,IF($B59=$B58,IF(F58=0,1,F58),1)) -> 1.862069 | G59: =IF(AND(ISNUMBER(E59),D59>0),E59,D59*F59) -> 216 | H59: 2801 | I59: 2204 | J59: =IF(AND(ISNUMBER(I59),H59>0),I59/H59,IF($B59=$B58,IF(J58=0,1,J58),1)) -> 0.78686184 | K59: =IF(AND(ISNUMBER(I59),H59>0),I59,H59*J59) -> 2204 | L59: 165 | M59: 72 | N59: =IF(AND(ISNUMBER(M59),L59>0),M59/L59,IF($B59=$B58,IF(N58=0,1,N58),1)) -> 0.43636364 | O59: =IF(AND(ISNUMBER(M59),L59>0),M59,L59*N59) -> 72 | P59: 282 | Q59: 288 | R59: =IF(AND(ISNUMBER(Q59),P59>0),Q59/P59,IF($B59=$B58,IF(R58=0,1,R58),1)) -> 1.0212766 | S59: =IF(AND(ISNUMBER(Q59),P59>0),Q59,P59*R59) -> 288 | T59: =DAY(EOMONTH(C59,0)) -> 30
A60: KKA | B60: KKA-1 | C60: 39052 | D60: 59 | E60: 88 | F60: =IF(AND(ISNUMBER(E60),D60>0),E60/D60,IF($B60=$B59,IF(F59=0,1,F59),1)) -> 1.4915254 | G60: =IF(AND(ISNUMBER(E60),D60>0),E60,D60*F60) -> 88 | H60: 3553 | I60: 3550 | J60: =IF(AND(ISNUMBER(I60),H60>0),I60/H60,IF($B60=$B59,IF(J59=0,1,J59),1)) -> 0.99915564 | K60: =IF(AND(ISNUMBER(I60),H60>0),I60,H60*J60) -> 3550 | L60: 50.2 | M60: 32 | N60: =IF(AND(ISNUMBER(M60),L60>0),M60/L60,IF($B60=$B59,IF(N59=0,1,N59),1)) -> 0.6374502 | O60: =IF(AND(ISNUMBER(M60),L60>0),M60,L60*N60) -> 32 | P60: 109 | Q60: 120 | R60: =IF(AND(ISNUMBER(Q60),P60>0),Q60/P60,IF($B60=$B59,IF(R59=0,1,R59),1)) -> 1.1009174 | S60: =IF(AND(ISNUMBER(Q60),P60>0),Q60,P60*R60) -> 120 | T60: =DAY(EOMONTH(C60,0)) -> 31
A61: KKA | B61: KKA-1 | C61: 39083 | D61: 80.1 | E61: 193 | F61: =IF(AND(ISNUMBER(E61),D61>0),E61/D61,IF($B61=$B60,IF(F60=0,1,F60),1)) -> 2.4094881 | G61: =IF(AND(ISNUMBER(E61),D61>0),E61,D61*F61) -> 193 | H61: 4647 | I61: 4035 | J61: =IF(AND(ISNUMBER(I61),H61>0),I61/H61,IF($B61=$B60,IF(J60=0,1,J60),1)) -> 0.86830213 | K61: =IF(AND(ISNUMBER(I61),H61>0),I61,H61*J61) -> 4035 | L61: 96.4 | M61: 71 | N61: =IF(AND(ISNUMBER(M61),L61>0),M61/L61,IF($B61=$B60,IF(N60=0,1,N60),1)) -> 0.73651452 | O61: =IF(AND(ISNUMBER(M61),L61>0),M61,L61*N61) -> 71 | P61: 176 | Q61: 264 | R61: =IF(AND(ISNUMBER(Q61),P61>0),Q61/P61,IF($B61=$B60,IF(R60=0,1,R60),1)) -> 1.5 | S61: =IF(AND(ISNUMBER(Q61),P61>0),Q61,P61*R61) -> 264 | T61: =DAY(EOMONTH(C61,0)) -> 31
A62: KKA | B62: KKA-1 | C62: 39114 | D62: 109 | E62: 280 | F62: =IF(AND(ISNUMBER(E62),D62>0),E62/D62,IF($B62=$B61,IF(F61=0,1,F61),1)) -> 2.5688073 | G62: =IF(AND(ISNUMBER(E62),D62>0),E62,D62*F62) -> 280 | H62: 4693 | I62: 4698 | J62: =IF(AND(ISNUMBER(I62),H62>0),I62/H62,IF($B62=$B61,IF(J61=0,1,J61),1)) -> 1.0010654 | K62: =IF(AND(ISNUMBER(I62),H62>0),I62,H62*J62) -> 4698 | L62: 104 | M62: 104 | N62: =IF(AND(ISNUMBER(M62),L62>0),M62/L62,IF($B62=$B61,IF(N61=0,1,N61),1)) -> 1 | O62: =IF(AND(ISNUMBER(M62),L62>0),M62,L62*N62) -> 104 | P62: 214 | Q62: 384 | R62: =IF(AND(ISNUMBER(Q62),P62>0),Q62/P62,IF($B62=$B61,IF(R61=0,1,R61),1)) -> 1.7943925 | S62: =IF(AND(ISNUMBER(Q62),P62>0),Q62,P62*R62) -> 384 | T62: =DAY(EOMONTH(C62,0)) -> 28
A63: KKA | B63: KKA-1 | C63: 39142 | D63: 131 | E63: 285 | F63: =IF(AND(ISNUMBER(E63),D63>0),E63/D63,IF($B63=$B62,IF(F62=0,1,F62),1)) -> 2.1755725 | G63: =IF(AND(ISNUMBER(E63),D63>0),E63,D63*F63) -> 285 | H63: 3282 | I63: 4125 | J63: =IF(AND(ISNUMBER(I63),H63>0),I63/H63,IF($B63=$B62,IF(J62=0,1,J62),1)) -> 1.2568556 | K63: =IF(AND(ISNUMBER(I63),H63>0),I63,H63*J63) -> 4125 | L63: 117 | M63: 105 | N63: =IF(AND(ISNUMBER(M63),L63>0),M63/L63,IF($B63=$B62,IF(N62=0,1,N62),1)) -> 0.8974359 | O63: =IF(AND(ISNUMBER(M63),L63>0),M63,L63*N63) -> 105 | P63: 248 | Q63: 390 | R63: =IF(AND(ISNUMBER(Q63),P63>0),Q63/P63,IF($B63=$B62,IF(R62=0,1,R62),1)) -> 1.5725806 | S63: =IF(AND(ISNUMBER(Q63),P63>0),Q63,P63*R63) -> 390 | T63: =DAY(EOMONTH(C63,0)) -> 31
A64: KKA | B64: KKA-1 | C64: 39173 | D64: 225 | E64: 280 | F64: =IF(AND(ISNUMBER(E64),D64>0),E64/D64,IF($B64=$B63,IF(F63=0,1,F63),1)) -> 1.2444444 | G64: =IF(AND(ISNUMBER(E64),D64>0),E64,D64*F64) -> 280 | H64: 3903 | I64: 3647 | J64: =IF(AND(ISNUMBER(I64),H64>0),I64/H64,IF($B64=$B63,IF(J63=0,1,J63),1)) -> 0.93440943 | K64: =IF(AND(ISNUMBER(I64),H64>0),I64,H64*J64) -> 3647 | L64: 622 | M64: 98 | N64: =IF(AND(ISNUMBER(M64),L64>0),M64/L64,IF($B64=$B63,IF(N63=0,1,N63),1)) -> 0.15755627 | O64: =IF(AND(ISNUMBER(M64),L64>0),M64,L64*N64) -> 98 | P64: 847 | Q64: 378 | R64: =IF(AND(ISNUMBER(Q64),P64>0),Q64/P64,IF($B64=$B63,IF(R63=0,1,R63),1)) -> 0.44628099 | S64: =IF(AND(ISNUMBER(Q64),P64>0),Q64,P64*R64) -> 378 | T64: =DAY(EOMONTH(C64,0)) -> 30
A65: KKA | B65: KKA-1 | C65: 39203 | D65: 164 | F65: =IF(AND(ISNUMBER(E65),D65>0),E65/D65,IF($B65=$B64,IF(F64=0,1,F64),1)) -> 1.2444444 | G65: =IF(AND(ISNUMBER(E65),D65>0),E65,D65*F65) -> 204.08889 | H65: 2082 | J65: =IF(AND(ISNUMBER(I65),H65>0),I65/H65,IF($B65=$B64,IF(J64=0,1,J64),1)) -> 0.93440943 | K65: =IF(AND(ISNUMBER(I65),H65>0),I65,H65*J65) -> 1945.4404 | L65: 8.88 | N65: =IF(AND(ISNUMBER(M65),L65>0),M65/L65,IF($B65=$B64,IF(N64=0,1,N64),1)) -> 0.15755627 | O65: =IF(AND(ISNUMBER(M65),L65>0),M65,L65*N65) -> 1.3990997 | P65: 173 | R65: =IF(AND(ISNUMBER(Q65),P65>0),Q65/P65,IF($B65=$B64,IF(R64=0,1,R64),1)) -> 0.44628099 | S65: =IF(AND(ISNUMBER(Q65),P65>0),Q65,P65*R65) -> 77.206612 | T65: =DAY(EOMONTH(C65,0)) -> 31
A66: KKA | B66: KKA-1 | C66: 39234 | D66: 188 | E66: 275 | F66: =IF(AND(ISNUMBER(E66),D66>0),E66/D66,IF($B66=$B65,IF(F65=0,1,F65),1)) -> 1.462766 | G66: =IF(AND(ISNUMBER(E66),D66>0),E66,D66*F66) -> 275 | H66: 3547 | I66: 5114 | J66: =IF(AND(ISNUMBER(I66),H66>0),I66/H66,IF($B66=$B65,IF(J65=0,1,J65),1)) -> 1.4417818 | K66: =IF(AND(ISNUMBER(I66),H66>0),I66,H66*J66) -> 5114 | L66: 21.3 | M66: 97 | N66: =IF(AND(ISNUMBER(M66),L66>0),M66/L66,IF($B66=$B65,IF(N65=0,1,N65),1)) -> 4.5539906 | O66: =IF(AND(ISNUMBER(M66),L66>0),M66,L66*N66) -> 97 | P66: 209 | Q66: 372 | R66: =IF(AND(ISNUMBER(Q66),P66>0),Q66/P66,IF($B66=$B65,IF(R65=0,1,R65),1)) -> 1.7799043 | S66: =IF(AND(ISNUMBER(Q66),P66>0),Q66,P66*R66) -> 372 | T66: =DAY(EOMONTH(C66,0)) -> 30
A67: KKA | B67: KKA-1 | C67: 39264 | D67: 272 | E67: 360 | F67: =IF(AND(ISNUMBER(E67),D67>0),E67/D67,IF($B67=$B66,IF(F66=0,1,F66),1)) -> 1.3235294 | G67: =IF(AND(ISNUMBER(E67),D67>0),E67,D67*F67) -> 360 | H67: 10308 | I67: 5727 | J67: =IF(AND(ISNUMBER(I67),H67>0),I67/H67,IF($B67=$B66,IF(J66=0,1,J66),1)) -> 0.55558789 | K67: =IF(AND(ISNUMBER(I67),H67>0),I67,H67*J67) -> 5727 | L67: 135 | M67: 120 | N67: =IF(AND(ISNUMBER(M67),L67>0),M67/L67,IF($B67=$B66,IF(N66=0,1,N66),1)) -> 0.88888889 | O67: =IF(AND(ISNUMBER(M67),L67>0),M67,L67*N67) -> 120 | P67: 407 | Q67: 480 | R67: =IF(AND(ISNUMBER(Q67),P67>0),Q67/P67,IF($B67=$B66,IF(R66=0,1,R66),1)) -> 1.1793612 | S67: =IF(AND(ISNUMBER(Q67),P67>0),Q67,P67*R67) -> 480 | T67: =DAY(EOMONTH(C67,0)) -> 31
A68: KKA | B68: KKA-1 | C68: 39295 | D68: 452 | F68: =IF(AND(ISNUMBER(E68),D68>0),E68/D68,IF($B68=$B67,IF(F67=0,1,F67),1)) -> 1.3235294 | G68: =IF(AND(ISNUMBER(E68),D68>0),E68,D68*F68) -> 598.23529 | H68: 7449 | J68: =IF(AND(ISNUMBER(I68),H68>0),I68/H68,IF($B68=$B67,IF(J67=0,1,J67),1)) -> 0.55558789 | K68: =IF(AND(ISNUMBER(I68),H68>0),I68,H68*J68) -> 4138.5742 | L68: 215 | N68: =IF(AND(ISNUMBER(M68),L68>0),M68/L68,IF($B68=$B67,IF(N67=0,1,N67),1)) -> 0.88888889 | O68: =IF(AND(ISNUMBER(M68),L68>0),M68,L68*N68) -> 191.11111 | P68: 667 | R68: =IF(AND(ISNUMBER(Q68),P68>0),Q68/P68,IF($B68=$B67,IF(R67=0,1,R67),1)) -> 1.1793612 | S68: =IF(AND(ISNUMBER(Q68),P68>0),Q68,P68*R68) -> 786.63391 | T68: =DAY(EOMONTH(C68,0)) -> 31
A69: KKA | B69: KKA-1 | C69: 39326 | D69: 258 | F69: =IF(AND(ISNUMBER(E69),D69>0),E69/D69,IF($B69=$B68,IF(F68=0,1,F68),1)) -> 1.3235294 | G69: =IF(AND(ISNUMBER(E69),D69>0),E69,D69*F69) -> 341.47059 | H69: 9429 | J69: =IF(AND(ISNUMBER(I69),H69>0),I69/H69,IF($B69=$B68,IF(J68=0,1,J68),1)) -> 0.55558789 | K69: =IF(AND(ISNUMBER(I69),H69>0),I69,H69*J69) -> 5238.6382 | L69: 158 | N69: =IF(AND(ISNUMBER(M69),L69>0),M69/L69,IF($B69=$B68,IF(N68=0,1,N68),1)) -> 0.88888889 | O69: =IF(AND(ISNUMBER(M69),L69>0),M69,L69*N69) -> 140.44444 | P69: 416 | R69: =IF(AND(ISNUMBER(Q69),P69>0),Q69/P69,IF($B69=$B68,IF(R68=0,1,R68),1)) -> 1.1793612 | S69: =IF(AND(ISNUMBER(Q69),P69>0),Q69,P69*R69) -> 490.61425 | T69: =DAY(EOMONTH(C69,0)) -> 30
A70: KKA | B70: KKA-1 | C70: 39356 | D70: 0 | F70: =IF(AND(ISNUMBER(E70),D70>0),E70/D70,IF($B70=$B69,IF(F69=0,1,F69),1)) -> 1.3235294 | G70: =IF(AND(ISNUMBER(E70),D70>0),E70,D70*F70) -> 0 | H70: 0 | J70: =IF(AND(ISNUMBER(I70),H70>0),I70/H70,IF($B70=$B69,IF(J69=0,1,J69),1)) -> 0.55558789 | K70: =IF(AND(ISNUMBER(I70),H70>0),I70,H70*J70) -> 0 | L70: 0 | N70: =IF(AND(ISNUMBER(M70),L70>0),M70/L70,IF($B70=$B69,IF(N69=0,1,N69),1)) -> 0.88888889 | O70: =IF(AND(ISNUMBER(M70),L70>0),M70,L70*N70) -> 0 | P70: 0 | R70: =IF(AND(ISNUMBER(Q70),P70>0),Q70/P70,IF($B70=$B69,IF(R69=0,1,R69),1)) -> 1.1793612 | S70: =IF(AND(ISNUMBER(Q70),P70>0),Q70,P70*R70) -> 0 | T70: =DAY(EOMONTH(C70,0)) -> 31
A71: KKA | B71: KKA-1 | C71: 39387 | D71: 117 | F71: =IF(AND(ISNUMBER(E71),D71>0),E71/D71,IF($B71=$B70,IF(F70=0,1,F70),1)) -> 1.3235294 | G71: =IF(AND(ISNUMBER(E71),D71>0),E71,D71*F71) -> 154.85294 | H71: 7227 | J71: =IF(AND(ISNUMBER(I71),H71>0),I71/H71,IF($B71=$B70,IF(J70=0,1,J70),1)) -> 0.55558789 | K71: =IF(AND(ISNUMBER(I71),H71>0),I71,H71*J71) -> 4015.2337 | L71: 160 | N71: =IF(AND(ISNUMBER(M71),L71>0),M71/L71,IF($B71=$B70,IF(N70=0,1,N70),1)) -> 0.88888889 | O71: =IF(AND(ISNUMBER(M71),L71>0),M71,L71*N71) -> 142.22222 | P71: 278 | R71: =IF(AND(ISNUMBER(Q71),P71>0),Q71/P71,IF($B71=$B70,IF(R70=0,1,R70),1)) -> 1.1793612 | S71: =IF(AND(ISNUMBER(Q71),P71>0),Q71,P71*R71) -> 327.86241 | T71: =DAY(EOMONTH(C71,0)) -> 30
A72: KKA | B72: KKA-1 | C72: 39417 | D72: 207 | E72: 282 | F72: =IF(AND(ISNUMBER(E72),D72>0),E72/D72,IF($B72=$B71,IF(F71=0,1,F71),1)) -> 1.3623188 | G72: =IF(AND(ISNUMBER(E72),D72>0),E72,D72*F72) -> 282 | H72: 16134 | I72: 7411 | J72: =IF(AND(ISNUMBER(I72),H72>0),I72/H72,IF($B72=$B71,IF(J71=0,1,J71),1)) -> 0.45934052 | K72: =IF(AND(ISNUMBER(I72),H72>0),I72,H72*J72) -> 7411 | L72: 138 | M72: 110 | N72: =IF(AND(ISNUMBER(M72),L72>0),M72/L72,IF($B72=$B71,IF(N71=0,1,N71),1)) -> 0.79710145 | O72: =IF(AND(ISNUMBER(M72),L72>0),M72,L72*N72) -> 110 | P72: 345 | Q72: 392 | R72: =IF(AND(ISNUMBER(Q72),P72>0),Q72/P72,IF($B72=$B71,IF(R71=0,1,R71),1)) -> 1.1362319 | S72: =IF(AND(ISNUMBER(Q72),P72>0),Q72,P72*R72) -> 392 | T72: =DAY(EOMONTH(C72,0)) -> 31
A73: KKA | B73: KKA-1 | C73: 39448 | D73: 296 | F73: =IF(AND(ISNUMBER(E73),D73>0),E73/D73,IF($B73=$B72,IF(F72=0,1,F72),1)) -> 1.3623188 | G73: =IF(AND(ISNUMBER(E73),D73>0),E73,D73*F73) -> 403.24638 | H73: 25258 | J73: =IF(AND(ISNUMBER(I73),H73>0),I73/H73,IF($B73=$B72,IF(J72=0,1,J72),1)) -> 0.45934052 | K73: =IF(AND(ISNUMBER(I73),H73>0),I73,H73*J73) -> 11602.023 | L73: 107 | N73: =IF(AND(ISNUMBER(M73),L73>0),M73/L73,IF($B73=$B72,IF(N72=0,1,N72),1)) -> 0.79710145 | O73: =IF(AND(ISNUMBER(M73),L73>0),M73,L73*N73) -> 85.289855 | P73: 403 | R73: =IF(AND(ISNUMBER(Q73),P73>0),Q73/P73,IF($B73=$B72,IF(R72=0,1,R72),1)) -> 1.1362319 | S73: =IF(AND(ISNUMBER(Q73),P73>0),Q73,P73*R73) -> 457.90145 | T73: =DAY(EOMONTH(C73,0)) -> 31
A74: KKA | B74: KKA-1 | C74: 39479 | D74: 0 | F74: =IF(AND(ISNUMBER(E74),D74>0),E74/D74,IF($B74=$B73,IF(F73=0,1,F73),1)) -> 1.3623188 | G74: =IF(AND(ISNUMBER(E74),D74>0),E74,D74*F74) -> 0 | H74: 0 | J74: =IF(AND(ISNUMBER(I74),H74>0),I74/H74,IF($B74=$B73,IF(J73=0,1,J73),1)) -> 0.45934052 | K74: =IF(AND(ISNUMBER(I74),H74>0),I74,H74*J74) -> 0 | L74: 0 | N74: =IF(AND(ISNUMBER(M74),L74>0),M74/L74,IF($B74=$B73,IF(N73=0,1,N73),1)) -> 0.79710145 | O74: =IF(AND(ISNUMBER(M74),L74>0),M74,L74*N74) -> 0 | P74: 0 | R74: =IF(AND(ISNUMBER(Q74),P74>0),Q74/P74,IF($B74=$B73,IF(R73=0,1,R73),1)) -> 1.1362319 | S74: =IF(AND(ISNUMBER(Q74),P74>0),Q74,P74*R74) -> 0 | T74: =DAY(EOMONTH(C74,0)) -> 29
A75: KKA | B75: KKA-1 | C75: 39508 | D75: 0 | F75: =IF(AND(ISNUMBER(E75),D75>0),E75/D75,IF($B75=$B74,IF(F74=0,1,F74),1)) -> 1.3623188 | G75: =IF(AND(ISNUMBER(E75),D75>0),E75,D75*F75) -> 0 | H75: 0 | J75: =IF(AND(ISNUMBER(I75),H75>0),I75/H75,IF($B75=$B74,IF(J74=0,1,J74),1)) -> 0.45934052 | K75: =IF(AND(ISNUMBER(I75),H75>0),I75,H75*J75) -> 0 | L75: 0 | N75: =IF(AND(ISNUMBER(M75),L75>0),M75/L75,IF($B75=$B74,IF(N74=0,1,N74),1)) -> 0.79710145 | O75: =IF(AND(ISNUMBER(M75),L75>0),M75,L75*N75) -> 0 | P75: 0 | R75: =IF(AND(ISNUMBER(Q75),P75>0),Q75/P75,IF($B75=$B74,IF(R74=0,1,R74),1)) -> 1.1362319 | S75: =IF(AND(ISNUMBER(Q75),P75>0),Q75,P75*R75) -> 0 | T75: =DAY(EOMONTH(C75,0)) -> 31
A76: KKA | B76: KKA-1 | C76: 39539 | D76: 0 | F76: =IF(AND(ISNUMBER(E76),D76>0),E76/D76,IF($B76=$B75,IF(F75=0,1,F75),1)) -> 1.3623188 | G76: =IF(AND(ISNUMBER(E76),D76>0),E76,D76*F76) -> 0 | H76: 0 | J76: =IF(AND(ISNUMBER(I76),H76>0),I76/H76,IF($B76=$B75,IF(J75=0,1,J75),1)) -> 0.45934052 | K76: =IF(AND(ISNUMBER(I76),H76>0),I76,H76*J76) -> 0 | L76: 0 | N76: =IF(AND(ISNUMBER(M76),L76>0),M76/L76,IF($B76=$B75,IF(N75=0,1,N75),1)) -> 0.79710145 | O76: =IF(AND(ISNUMBER(M76),L76>0),M76,L76*N76) -> 0 | P76: 0 | R76: =IF(AND(ISNUMBER(Q76),P76>0),Q76/P76,IF($B76=$B75,IF(R75=0,1,R75),1)) -> 1.1362319 | S76: =IF(AND(ISNUMBER(Q76),P76>0),Q76,P76*R76) -> 0 | T76: =DAY(EOMONTH(C76,0)) -> 30
A77: KKA | B77: KKA-1 | C77: 39569 | D77: 0 | F77: =IF(AND(ISNUMBER(E77),D77>0),E77/D77,IF($B77=$B76,IF(F76=0,1,F76),1)) -> 1.3623188 | G77: =IF(AND(ISNUMBER(E77),D77>0),E77,D77*F77) -> 0 | H77: 0 | J77: =IF(AND(ISNUMBER(I77),H77>0),I77/H77,IF($B77=$B76,IF(J76=0,1,J76),1)) -> 0.45934052 | K77: =IF(AND(ISNUMBER(I77),H77>0),I77,H77*J77) -> 0 | L77: 0 | N77: =IF(AND(ISNUMBER(M77),L77>0),M77/L77,IF($B77=$B76,IF(N76=0,1,N76),1)) -> 0.79710145 | O77: =IF(AND(ISNUMBER(M77),L77>0),M77,L77*N77) -> 0 | P77: 0 | R77: =IF(AND(ISNUMBER(Q77),P77>0),Q77/P77,IF($B77=$B76,IF(R76=0,1,R76),1)) -> 1.1362319 | S77: =IF(AND(ISNUMBER(Q77),P77>0),Q77,P77*R77) -> 0 | T77: =DAY(EOMONTH(C77,0)) -> 31
A78: KKA | B78: KKA-1 | C78: 39600 | D78: 0 | F78: =IF(AND(ISNUMBER(E78),D78>0),E78/D78,IF($B78=$B77,IF(F77=0,1,F77),1)) -> 1.3623188 | G78: =IF(AND(ISNUMBER(E78),D78>0),E78,D78*F78) -> 0 | H78: 0 | J78: =IF(AND(ISNUMBER(I78),H78>0),I78/H78,IF($B78=$B77,IF(J77=0,1,J77),1)) -> 0.45934052 | K78: =IF(AND(ISNUMBER(I78),H78>0),I78,H78*J78) -> 0 | L78: 0 | N78: =IF(AND(ISNUMBER(M78),L78>0),M78/L78,IF($B78=$B77,IF(N77=0,1,N77),1)) -> 0.79710145 | O78: =IF(AND(ISNUMBER(M78),L78>0),M78,L78*N78) -> 0 | P78: 0 | R78: =IF(AND(ISNUMBER(Q78),P78>0),Q78/P78,IF($B78=$B77,IF(R77=0,1,R77),1)) -> 1.1362319 | S78: =IF(AND(ISNUMBER(Q78),P78>0),Q78,P78*R78) -> 0 | T78: =DAY(EOMONTH(C78,0)) -> 30
A79: KKA | B79: KKA-1 | C79: 39630 | D79: 0 | F79: =IF(AND(ISNUMBER(E79),D79>0),E79/D79,IF($B79=$B78,IF(F78=0,1,F78),1)) -> 1.3623188 | G79: =IF(AND(ISNUMBER(E79),D79>0),E79,D79*F79) -> 0 | H79: 0 | J79: =IF(AND(ISNUMBER(I79),H79>0),I79/H79,IF($B79=$B78,IF(J78=0,1,J78),1)) -> 0.45934052 | K79: =IF(AND(ISNUMBER(I79),H79>0),I79,H79*J79) -> 0 | L79: 0 | N79: =IF(AND(ISNUMBER(M79),L79>0),M79/L79,IF($B79=$B78,IF(N78=0,1,N78),1)) -> 0.79710145 | O79: =IF(AND(ISNUMBER(M79),L79>0),M79,L79*N79) -> 0 | P79: 0 | R79: =IF(AND(ISNUMBER(Q79),P79>0),Q79/P79,IF($B79=$B78,IF(R78=0,1,R78),1)) -> 1.1362319 | S79: =IF(AND(ISNUMBER(Q79),P79>0),Q79,P79*R79) -> 0 | T79: =DAY(EOMONTH(C79,0)) -> 31
A80: KKA | B80: KKA-1 | C80: 39661 | D80: 0 | F80: =IF(AND(ISNUMBER(E80),D80>0),E80/D80,IF($B80=$B79,IF(F79=0,1,F79),1)) -> 1.3623188 | G80: =IF(AND(ISNUMBER(E80),D80>0),E80,D80*F80) -> 0 | H80: 0 | J80: =IF(AND(ISNUMBER(I80),H80>0),I80/H80,IF($B80=$B79,IF(J79=0,1,J79),1)) -> 0.45934052 | K80: =IF(AND(ISNUMBER(I80),H80>0),I80,H80*J80) -> 0 | L80: 0 | N80: =IF(AND(ISNUMBER(M80),L80>0),M80/L80,IF($B80=$B79,IF(N79=0,1,N79),1)) -> 0.79710145 | O80: =IF(AND(ISNUMBER(M80),L80>0),M80,L80*N80) -> 0 | P80: 0 | R80: =IF(AND(ISNUMBER(Q80),P80>0),Q80/P80,IF($B80=$B79,IF(R79=0,1,R79),1)) -> 1.1362319 | S80: =IF(AND(ISNUMBER(Q80),P80>0),Q80,P80*R80) -> 0 | T80: =DAY(EOMONTH(C80,0)) -> 31
A81: KKA | B81: KKA-1 | C81: 39692 | D81: 0 | F81: =IF(AND(ISNUMBER(E81),D81>0),E81/D81,IF($B81=$B80,IF(F80=0,1,F80),1)) -> 1.3623188 | G81: =IF(AND(ISNUMBER(E81),D81>0),E81,D81*F81) -> 0 | H81: 0 | J81: =IF(AND(ISNUMBER(I81),H81>0),I81/H81,IF($B81=$B80,IF(J80=0,1,J80),1)) -> 0.45934052 | K81: =IF(AND(ISNUMBER(I81),H81>0),I81,H81*J81) -> 0 | L81: 0 | N81: =IF(AND(ISNUMBER(M81),L81>0),M81/L81,IF($B81=$B80,IF(N80=0,1,N80),1)) -> 0.79710145 | O81: =IF(AND(ISNUMBER(M81),L81>0),M81,L81*N81) -> 0 | P81: 0 | R81: =IF(AND(ISNUMBER(Q81),P81>0),Q81/P81,IF($B81=$B80,IF(R80=0,1,R80),1)) -> 1.1362319 | S81: =IF(AND(ISNUMBER(Q81),P81>0),Q81,P81*R81) -> 0 | T81: =DAY(EOMONTH(C81,0)) -> 30
A82: KKA | B82: KKA-1 | C82: 39722 | D82: 0 | F82: =IF(AND(ISNUMBER(E82),D82>0),E82/D82,IF($B82=$B81,IF(F81=0,1,F81),1)) -> 1.3623188 | G82: =IF(AND(ISNUMBER(E82),D82>0),E82,D82*F82) -> 0 | H82: 0 | J82: =IF(AND(ISNUMBER(I82),H82>0),I82/H82,IF($B82=$B81,IF(J81=0,1,J81),1)) -> 0.45934052 | K82: =IF(AND(ISNUMBER(I82),H82>0),I82,H82*J82) -> 0 | L82: 0 | N82: =IF(AND(ISNUMBER(M82),L82>0),M82/L82,IF($B82=$B81,IF(N81=0,1,N81),1)) -> 0.79710145 | O82: =IF(AND(ISNUMBER(M82),L82>0),M82,L82*N82) -> 0 | P82: 0 | R82: =IF(AND(ISNUMBER(Q82),P82>0),Q82/P82,IF($B82=$B81,IF(R81=0,1,R81),1)) -> 1.1362319 | S82: =IF(AND(ISNUMBER(Q82),P82>0),Q82,P82*R82) -> 0 | T82: =DAY(EOMONTH(C82,0)) -> 31
A83: KKA | B83: KKA-1 | C83: 39753 | D83: 0 | F83: =IF(AND(ISNUMBER(E83),D83>0),E83/D83,IF($B83=$B82,IF(F82=0,1,F82),1)) -> 1.3623188 | G83: =IF(AND(ISNUMBER(E83),D83>0),E83,D83*F83) -> 0 | H83: 0 | J83: =IF(AND(ISNUMBER(I83),H83>0),I83/H83,IF($B83=$B82,IF(J82=0,1,J82),1)) -> 0.45934052 | K83: =IF(AND(ISNUMBER(I83),H83>0),I83,H83*J83) -> 0 | L83: 0 | N83: =IF(AND(ISNUMBER(M83),L83>0),M83/L83,IF($B83=$B82,IF(N82=0,1,N82),1)) -> 0.79710145 | O83: =IF(AND(ISNUMBER(M83),L83>0),M83,L83*N83) -> 0 | P83: 0 | R83: =IF(AND(ISNUMBER(Q83),P83>0),Q83/P83,IF($B83=$B82,IF(R82=0,1,R82),1)) -> 1.1362319 | S83: =IF(AND(ISNUMBER(Q83),P83>0),Q83,P83*R83) -> 0 | T83: =DAY(EOMONTH(C83,0)) -> 30
A84: KKA | B84: KKA-1 | C84: 39783 | D84: 138 | F84: =IF(AND(ISNUMBER(E84),D84>0),E84/D84,IF($B84=$B83,IF(F83=0,1,F83),1)) -> 1.3623188 | G84: =IF(AND(ISNUMBER(E84),D84>0),E84,D84*F84) -> 188 | H84: 4501 | J84: =IF(AND(ISNUMBER(I84),H84>0),I84/H84,IF($B84=$B83,IF(J83=0,1,J83),1)) -> 0.45934052 | K84: =IF(AND(ISNUMBER(I84),H84>0),I84,H84*J84) -> 2067.4917 | L84: 83.9 | N84: =IF(AND(ISNUMBER(M84),L84>0),M84/L84,IF($B84=$B83,IF(N83=0,1,N83),1)) -> 0.79710145 | O84: =IF(AND(ISNUMBER(M84),L84>0),M84,L84*N84) -> 66.876812 | P84: 222 | R84: =IF(AND(ISNUMBER(Q84),P84>0),Q84/P84,IF($B84=$B83,IF(R83=0,1,R83),1)) -> 1.1362319 | S84: =IF(AND(ISNUMBER(Q84),P84>0),Q84,P84*R84) -> 252.24348 | T84: =DAY(EOMONTH(C84,0)) -> 31
... A88: KKA | B88: KKA-1 | C88: 39904 | D88: 169 | F88: =IF(AND(ISNUMBER(E88),D88>0),E88/D88,IF($B88=$B87,IF(F87=0,1,F87),1)) -> 1.3623188 | G88: =IF(AND(ISNUMBER(E88),D88>0),E88,D88*F88) -> 230.23188 | H88: 4239 | J88: =IF(AND(ISNUMBER(I88),H88>0),I88/H88,IF($B88=$B87,IF(J87=0,1,J87),1)) -> 0.45934052 | K88: =IF(AND(ISNUMBER(I88),H88>0),I88,H88*J88) -> 1947.1445 | L88: 105 | N88: =IF(AND(ISNUMBER(M88),L88>0),M88/L88,IF($B88=$B87,IF(N87=0,1,N87),1)) -> 0.79710145 | O88: =IF(AND(ISNUMBER(M88),L88>0),M88,L88*N88) -> 83.695652 | P88: 274 | R88: =IF(AND(ISNUMBER(Q88),P88>0),Q88/P88,IF($B88=$B87,IF(R87=0,1,R87),1)) -> 1.1362319 | S88: =IF(AND(ISNUMBER(Q88),P88>0),Q88,P88*R88) -> 311.32754 | T88: =DAY(EOMONTH(C88,0)) -> 30
A89: KKA | B89: KKA-1 | C89: 39934 | D89: 174 | E89: 124 | F89: =IF(AND(ISNUMBER(E89),D89>0),E89/D89,IF($B89=$B88,IF(F88=0,1,F88),1)) -> 0.71264368 | G89: =IF(AND(ISNUMBER(E89),D89>0),E89,D89*F89) -> 124 | H89: 3062 | I89: 3781.5 | J89: =IF(AND(ISNUMBER(I89),H89>0),I89/H89,IF($B89=$B88,IF(J88=0,1,J88),1)) -> 1.2349771 | K89: =IF(AND(ISNUMBER(I89),H89>0),I89,H89*J89) -> 3781.5 | L89: 127 | M89: 48 | N89: =IF(AND(ISNUMBER(M89),L89>0),M89/L89,IF($B89=$B88,IF(N88=0,1,N88),1)) -> 0.37795276 | O89: =IF(AND(ISNUMBER(M89),L89>0),M89,L89*N89) -> 48 | P89: 301 | Q89: 172 | R89: =IF(AND(ISNUMBER(Q89),P89>0),Q89/P89,IF($B89=$B88,IF(R88=0,1,R88),1)) -> 0.57142857 | S89: =IF(AND(ISNUMBER(Q89),P89>0),Q89,P89*R89) -> 172 | T89: =DAY(EOMONTH(C89,0)) -> 31
A90: KKA | B90: KKA-1 | C90: 39965 | D90: 184 | F90: =IF(AND(ISNUMBER(E90),D90>0),E90/D90,IF($B90=$B89,IF(F89=0,1,F89),1)) -> 0.71264368 | G90: =IF(AND(ISNUMBER(E90),D90>0),E90,D90*F90) -> 131.12644 | H90: 3490 | J90: =IF(AND(ISNUMBER(I90),H90>0),I90/H90,IF($B90=$B89,IF(J89=0,1,J89),1)) -> 1.2349771 | K90: =IF(AND(ISNUMBER(I90),H90>0),I90,H90*J90) -> 4310.0702 | L90: 122 | N90: =IF(AND(ISNUMBER(M90),L90>0),M90/L90,IF($B90=$B89,IF(N89=0,1,N89),1)) -> 0.37795276 | O90: =IF(AND(ISNUMBER(M90),L90>0),M90,L90*N90) -> 46.110236 | P90: 306 | R90: =IF(AND(ISNUMBER(Q90),P90>0),Q90/P90,IF($B90=$B89,IF(R89=0,1,R89),1)) -> 0.57142857 | S90: =IF(AND(ISNUMBER(Q90),P90>0),Q90,P90*R90) -> 174.85714 | T90: =DAY(EOMONTH(C90,0)) -> 30
A91: KKA | B91: KKA-1 | C91: 39995 | D91: 185 | F91: =IF(AND(ISNUMBER(E91),D91>0),E91/D91,IF($B91=$B90,IF(F90=0,1,F90),1)) -> 0.71264368 | G91: =IF(AND(ISNUMBER(E91),D91>0),E91,D91*F91) -> 131.83908 | H91: 3991 | J91: =IF(AND(ISNUMBER(I91),H91>0),I91/H91,IF($B91=$B90,IF(J90=0,1,J90),1)) -> 1.2349771 | K91: =IF(AND(ISNUMBER(I91),H91>0),I91,H91*J91) -> 4928.7938 | L91: 132 | N91: =IF(AND(ISNUMBER(M91),L91>0),M91/L91,IF($B91=$B90,IF(N90=0,1,N90),1)) -> 0.37795276 | O91: =IF(AND(ISNUMBER(M91),L91>0),M91,L91*N91) -> 49.889764 | P91: 317 | R91: =IF(AND(ISNUMBER(Q91),P91>0),Q91/P91,IF($B91=$B90,IF(R90=0,1,R90),1)) -> 0.57142857 | S91: =IF(AND(ISNUMBER(Q91),P91>0),Q91,P91*R91) -> 181.14286 | T91: =DAY(EOMONTH(C91,0)) -> 31
A92: KKA | B92: KKA-1 | C92: 40026 | D92: 208 | F92: =IF(AND(ISNUMBER(E92),D92>0),E92/D92,IF($B92=$B91,IF(F91=0,1,F91),1)) -> 0.71264368 | G92: =IF(AND(ISNUMBER(E92),D92>0),E92,D92*F92) -> 148.22989 | H92: 0 | J92: =IF(AND(ISNUMBER(I92),H92>0),I92/H92,IF($B92=$B91,IF(J91=0,1,J91),1)) -> 1.2349771 | K92: =IF(AND(ISNUMBER(I92),H92>0),I92,H92*J92) -> 0 | L92: 123 | N92: =IF(AND(ISNUMBER(M92),L92>0),M92/L92,IF($B92=$B91,IF(N91=0,1,N91),1)) -> 0.37795276 | O92: =IF(AND(ISNUMBER(M92),L92>0),M92,L92*N92) -> 46.488189 | P92: 331 | R92: =IF(AND(ISNUMBER(Q92),P92>0),Q92/P92,IF($B92=$B91,IF(R91=0,1,R91),1)) -> 0.57142857 | S92: =IF(AND(ISNUMBER(Q92),P92>0),Q92,P92*R92) -> 189.14286 | T92: =DAY(EOMONTH(C92,0)) -> 31
A93: KKA | B93: KKA-1 | C93: 40057 | D93: 173 | F93: =IF(AND(ISNUMBER(E93),D93>0),E93/D93,IF($B93=$B92,IF(F92=0,1,F92),1)) -> 0.71264368 | G93: =IF(AND(ISNUMBER(E93),D93>0),E93,D93*F93) -> 123.28736 | H93: 0 | J93: =IF(AND(ISNUMBER(I93),H93>0),I93/H93,IF($B93=$B92,IF(J92=0,1,J92),1)) -> 1.2349771 | K93: =IF(AND(ISNUMBER(I93),H93>0),I93,H93*J93) -> 0 | L93: 144 | N93: =IF(AND(ISNUMBER(M93),L93>0),M93/L93,IF($B93=$B92,IF(N92=0,1,N92),1)) -> 0.37795276 | O93: =IF(AND(ISNUMBER(M93),L93>0),M93,L93*N93) -> 54.425197 | P93: 317 | R93: =IF(AND(ISNUMBER(Q93),P93>0),Q93/P93,IF($B93=$B92,IF(R92=0,1,R92),1)) -> 0.57142857 | S93: =IF(AND(ISNUMBER(Q93),P93>0),Q93,P93*R93) -> 181.14286 | T93: =DAY(EOMONTH(C93,0)) -> 30
A94: KKA | B94: KKA-1 | C94: 40087 | D94: 159 | F94: =IF(AND(ISNUMBER(E94),D94>0),E94/D94,IF($B94=$B93,IF(F93=0,1,F93),1)) -> 0.71264368 | G94: =IF(AND(ISNUMBER(E94),D94>0),E94,D94*F94) -> 113.31034 | H94: 0 | J94: =IF(AND(ISNUMBER(I94),H94>0),I94/H94,IF($B94=$B93,IF(J93=0,1,J93),1)) -> 1.2349771 | K94: =IF(AND(ISNUMBER(I94),H94>0),I94,H94*J94) -> 0 | L94: 159 | N94: =IF(AND(ISNUMBER(M94),L94>0),M94/L94,IF($B94=$B93,IF(N93=0,1,N93),1)) -> 0.37795276 | O94: =IF(AND(ISNUMBER(M94),L94>0),M94,L94*N94) -> 60.094488 | P94: 318 | R94: =IF(AND(ISNUMBER(Q94),P94>0),Q94/P94,IF($B94=$B93,IF(R93=0,1,R93),1)) -> 0.57142857 | S94: =IF(AND(ISNUMBER(Q94),P94>0),Q94,P94*R94) -> 181.71429 | T94: =DAY(EOMONTH(C94,0)) -> 31
A95: KKA | B95: KKA-1 | C95: 40118 | D95: 148 | F95: =IF(AND(ISNUMBER(E95),D95>0),E95/D95,IF($B95=$B94,IF(F94=0,1,F94),1)) -> 0.71264368 | G95: =IF(AND(ISNUMBER(E95),D95>0),E95,D95*F95) -> 105.47126 | H95: 0 | J95: =IF(AND(ISNUMBER(I95),H95>0),I95/H95,IF($B95=$B94,IF(J94=0,1,J94),1)) -> 1.2349771 | K95: =IF(AND(ISNUMBER(I95),H95>0),I95,H95*J95) -> 0 | L95: 165 | N95: =IF(AND(ISNUMBER(M95),L95>0),M95/L95,IF($B95=$B94,IF(N94=0,1,N94),1)) -> 0.37795276 | O95: =IF(AND(ISNUMBER(M95),L95>0),M95,L95*N95) -> 62.362205 | P95: 313 | R95: =IF(AND(ISNUMBER(Q95),P95>0),Q95/P95,IF($B95=$B94,IF(R94=0,1,R94),1)) -> 0.57142857 | S95: =IF(AND(ISNUMBER(Q95),P95>0),Q95,P95*R95) -> 178.85714 | T95: =DAY(EOMONTH(C95,0)) -> 30
A96: KKA | B96: KKA-1 | C96: 40148 | D96: 173 | F96: =IF(AND(ISNUMBER(E96),D96>0),E96/D96,IF($B96=$B95,IF(F95=0,1,F95),1)) -> 0.71264368 | G96: =IF(AND(ISNUMBER(E96),D96>0),E96,D96*F96) -> 123.28736 | H96: 0 | J96: =IF(AND(ISNUMBER(I96),H96>0),I96/H96,IF($B96=$B95,IF(J95=0,1,J95),1)) -> 1.2349771 | K96: =IF(AND(ISNUMBER(I96),H96>0),I96,H96*J96) -> 0 | L96: 145 | N96: =IF(AND(ISNUMBER(M96),L96>0),M96/L96,IF($B96=$B95,IF(N95=0,1,N95),1)) -> 0.37795276 | O96: =IF(AND(ISNUMBER(M96),L96>0),M96,L96*N96) -> 54.80315 | P96: 319 | R96: =IF(AND(ISNUMBER(Q96),P96>0),Q96/P96,IF($B96=$B95,IF(R95=0,1,R95),1)) -> 0.57142857 | S96: =IF(AND(ISNUMBER(Q96),P96>0),Q96,P96*R96) -> 182.28571 | T96: =DAY(EOMONTH(C96,0)) -> 31
A97: KKA | B97: KKA-1 | C97: 40179 | D97: 173 | F97: =IF(AND(ISNUMBER(E97),D97>0),E97/D97,IF($B97=$B96,IF(F96=0,1,F96),1)) -> 0.71264368 | G97: =IF(AND(ISNUMBER(E97),D97>0),E97,D97*F97) -> 123.28736 | H97: 0 | J97: =IF(AND(ISNUMBER(I97),H97>0),I97/H97,IF($B97=$B96,IF(J96=0,1,J96),1)) -> 1.2349771 | K97: =IF(AND(ISNUMBER(I97),H97>0),I97,H97*J97) -> 0 | L97: 147 | N97: =IF(AND(ISNUMBER(M97),L97>0),M97/L97,IF($B97=$B96,IF(N96=0,1,N96),1)) -> 0.37795276 | O97: =IF(AND(ISNUMBER(M97),L97>0),M97,L97*N97) -> 55.559055 | P97: 320 | R97: =IF(AND(ISNUMBER(Q97),P97>0),Q97/P97,IF($B97=$B96,IF(R96=0,1,R96),1)) -> 0.57142857 | S97: =IF(AND(ISNUMBER(Q97),P97>0),Q97,P97*R97) -> 182.85714 | T97: =DAY(EOMONTH(C97,0)) -> 31
A98: KKA | B98: KKA-1 | C98: 40210 | D98: 149 | F98: =IF(AND(ISNUMBER(E98),D98>0),E98/D98,IF($B98=$B97,IF(F97=0,1,F97),1)) -> 0.71264368 | G98: =IF(AND(ISNUMBER(E98),D98>0),E98,D98*F98) -> 106.18391 | H98: 0 | J98: =IF(AND(ISNUMBER(I98),H98>0),I98/H98,IF($B98=$B97,IF(J97=0,1,J97),1)) -> 1.2349771 | K98: =IF(AND(ISNUMBER(I98),H98>0),I98,H98*J98) -> 0 | L98: 145 | N98: =IF(AND(ISNUMBER(M98),L98>0),M98/L98,IF($B98=$B97,IF(N97=0,1,N97),1)) -> 0.37795276 | O98: =IF(AND(ISNUMBER(M98),L98>0),M98,L98*N98) -> 54.80315 | P98: 294 | R98: =IF(AND(ISNUMBER(Q98),P98>0),Q98/P98,IF($B98=$B97,IF(R97=0,1,R97),1)) -> 0.57142857 | S98: =IF(AND(ISNUMBER(Q98),P98>0),Q98,P98*R98) -> 168 | T98: =DAY(EOMONTH(C98,0)) -> 28
A99: KKA | B99: KKA-1 | C99: 40238 | D99: 30.2 | E99: 40 | F99: =IF(AND(ISNUMBER(E99),D99>0),E99/D99,IF($B99=$B98,IF(F98=0,1,F98),1)) -> 1.3245033 | G99: =IF(AND(ISNUMBER(E99),D99>0),E99,D99*F99) -> 40 | H99: 0 | I99: 0 | J99: =IF(AND(ISNUMBER(I99),H99>0),I99/H99,IF($B99=$B98,IF(J98=0,1,J98),1)) -> 1.2349771 | K99: =IF(AND(ISNUMBER(I99),H99>0),I99,H99*J99) -> 0 | L99: 139 | M99: 160 | N99: =IF(AND(ISNUMBER(M99),L99>0),M99/L99,IF($B99=$B98,IF(N98=0,1,N98),1)) -> 1.1510791 | O99: =IF(AND(ISNUMBER(M99),L99>0),M99,L99*N99) -> 160 | P99: 169 | Q99: 200 | R99: =IF(AND(ISNUMBER(Q99),P99>0),Q99/P99,IF($B99=$B98,IF(R98=0,1,R98),1)) -> 1.183432 | S99: =IF(AND(ISNUMBER(Q99),P99>0),Q99,P99*R99) -> 200 | T99: =DAY(EOMONTH(C99,0)) -> 31
A100: KKA | B100: KKA-1 | C100: 40269 | D100: 207 | E100: 227 | F100: =IF(AND(ISNUMBER(E100),D100>0),E100/D100,IF($B100=$B99,IF(F99=0,1,F99),1)) -> 1.0966184 | G100: =IF(AND(ISNUMBER(E100),D100>0),E100,D100*F100) -> 227 | H100: 0 | I100: 0 | J100: =IF(AND(ISNUMBER(I100),H100>0),I100/H100,IF($B100=$B99,IF(J99=0,1,J99),1)) -> 1.2349771 | K100: =IF(AND(ISNUMBER(I100),H100>0),I100,H100*J100) -> 0 | L100: 36.8 | M100: 25 | N100: =IF(AND(ISNUMBER(M100),L100>0),M100/L100,IF($B100=$B99,IF(N99=0,1,N99),1)) -> 0.67934783 | O100: =IF(AND(ISNUMBER(M100),L100>0),M100,L100*N100) -> 25 | P100: 243 | Q100: 252 | R100: =IF(AND(ISNUMBER(Q100),P100>0),Q100/P100,IF($B100=$B99,IF(R99=0,1,R99),1)) -> 1.037037 | S100: =IF(AND(ISNUMBER(Q100),P100>0),Q100,P100*R100) -> 252 | T100: =DAY(EOMONTH(C100,0)) -> 30
A101: KKA | B101: KKA-1 | C101: 40299 | D101: 208 | F101: =IF(AND(ISNUMBER(E101),D101>0),E101/D101,IF($B101=$B100,IF(F100=0,1,F100),1)) -> 1.0966184 | G101: =IF(AND(ISNUMBER(E101),D101>0),E101,D101*F101) -> 228.09662 | H101: 0 | J101: =IF(AND(ISNUMBER(I101),H101>0),I101/H101,IF($B101=$B100,IF(J100=0,1,J100),1)) -> 1.2349771 | K101: =IF(AND(ISNUMBER(I101),H101>0),I101,H101*J101) -> 0 | L101: 17.1 | N101: =IF(AND(ISNUMBER(M101),L101>0),M101/L101,IF($B101=$B100,IF(N100=0,1,N100),1)) -> 0.67934783 | O101: =IF(AND(ISNUMBER(M101),L101>0),M101,L101*N101) -> 11.616848 | P101: 225 | R101: =IF(AND(ISNUMBER(Q101),P101>0),Q101/P101,IF($B101=$B100,IF(R100=0,1,R100),1)) -> 1.037037 | S101: =IF(AND(ISNUMBER(Q101),P101>0),Q101,P101*R101) -> 233.33333 | T101: =DAY(EOMONTH(C101,0)) -> 31
A102: KKA | B102: KKA-1 | C102: 40330 | D102: 220 | E102: 180 | F102: =IF(AND(ISNUMBER(E102),D102>0),E102/D102,IF($B102=$B101,IF(F101=0,1,F101),1)) -> 0.81818182 | G102: =IF(AND(ISNUMBER(E102),D102>0),E102,D102*F102) -> 180 | H102: 0 | I102: 8176 | J102: =IF(AND(ISNUMBER(I102),H102>0),I102/H102,IF($B102=$B101,IF(J101=0,1,J101),1)) -> 1.2349771 | K102: =IF(AND(ISNUMBER(I102),H102>0),I102,H102*J102) -> 0 | L102: 29.2 | M102: 60 | N102: =IF(AND(ISNUMBER(M102),L102>0),M102/L102,IF($B102=$B101,IF(N101=0,1,N101),1)) -> 2.0547945 | O102: =IF(AND(ISNUMBER(M102),L102>0),M102,L102*N102) -> 60 | P102: 250 | Q102: 240 | R102: =IF(AND(ISNUMBER(Q102),P102>0),Q102/P102,IF($B102=$B101,IF(R101=0,1,R101),1)) -> 0.96 | S102: =IF(AND(ISNUMBER(Q102),P102>0),Q102,P102*R102) -> 240 | T102: =DAY(EOMONTH(C102,0)) -> 30
A103: KKA | B103: KKA-1 | C103: 40360 | D103: 169 | E103: 134 | F103: =IF(AND(ISNUMBER(E103),D103>0),E103/D103,IF($B103=$B102,IF(F102=0,1,F102),1)) -> 0.79289941 | G103: =IF(AND(ISNUMBER(E103),D103>0),E103,D103*F103) -> 134 | H103: 0 | I103: 10592 | J103: =IF(AND(ISNUMBER(I103),H103>0),I103/H103,IF($B103=$B102,IF(J102=0,1,J102),1)) -> 1.2349771 | K103: =IF(AND(ISNUMBER(I103),H103>0),I103,H103*J103) -> 0 | L103: 37.4 | M103: 34 | N103: =IF(AND(ISNUMBER(M103),L103>0),M103/L103,IF($B103=$B102,IF(N102=0,1,N102),1)) -> 0.90909091 | O103: =IF(AND(ISNUMBER(M103),L103>0),M103,L103*N103) -> 34 | P103: 207 | Q103: 168 | R103: =IF(AND(ISNUMBER(Q103),P103>0),Q103/P103,IF($B103=$B102,IF(R102=0,1,R102),1)) -> 0.8115942 | S103: =IF(AND(ISNUMBER(Q103),P103>0),Q103,P103*R103) -> 168 | T103: =DAY(EOMONTH(C103,0)) -> 31
A104: KKA | B104: KKA-1 | C104: 40391 | D104: 127 | E104: 143 | F104: =IF(AND(ISNUMBER(E104),D104>0),E104/D104,IF($B104=$B103,IF(F103=0,1,F103),1)) -> 1.1259843 | G104: =IF(AND(ISNUMBER(E104),D104>0),E104,D104*F104) -> 143 | H104: 0 | I104: 12512 | J104: =IF(AND(ISNUMBER(I104),H104>0),I104/H104,IF($B104=$B103,IF(J103=0,1,J103),1)) -> 1.2349771 | K104: =IF(AND(ISNUMBER(I104),H104>0),I104,H104*J104) -> 0 | L104: 14.3 | M104: 16 | N104: =IF(AND(ISNUMBER(M104),L104>0),M104/L104,IF($B104=$B103,IF(N103=0,1,N103),1)) -> 1.1188811 | O104: =IF(AND(ISNUMBER(M104),L104>0),M104,L104*N104) -> 16 | P104: 142 | Q104: 158.5 | R104: =IF(AND(ISNUMBER(Q104),P104>0),Q104/P104,IF($B104=$B103,IF(R103=0,1,R103),1)) -> 1.1161972 | S104: =IF(AND(ISNUMBER(Q104),P104>0),Q104,P104*R104) -> 158.5 | T104: =DAY(EOMONTH(C104,0)) -> 31
A105: KKA | B105: KKA-1 | C105: 40422 | D105: 165 | E105: 83.5 | F105: =IF(AND(ISNUMBER(E105),D105>0),E105/D105,IF($B105=$B104,IF(F104=0,1,F104),1)) -> 0.50606061 | G105: =IF(AND(ISNUMBER(E105),D105>0),E105,D105*F105) -> 83.5 | H105: 0 | I105: 10213 | J105: =IF(AND(ISNUMBER(I105),H105>0),I105/H105,IF($B105=$B104,IF(J104=0,1,J104),1)) -> 1.2349771 | K105: =IF(AND(ISNUMBER(I105),H105>0),I105,H105*J105) -> 0 | L105: 17.5 | M105: 9.5 | N105: =IF(AND(ISNUMBER(M105),L105>0),M105/L105,IF($B105=$B104,IF(N104=0,1,N104),1)) -> 0.54285714 | O105: =IF(AND(ISNUMBER(M105),L105>0),M105,L105*N105) -> 9.5 | P105: 183 | Q105: 92.5 | R105: =IF(AND(ISNUMBER(Q105),P105>0),Q105/P105,IF($B105=$B104,IF(R104=0,1,R104),1)) -> 0.50546448 | S105: =IF(AND(ISNUMBER(Q105),P105>0),Q105,P105*R105) -> 92.5 | T105: =DAY(EOMONTH(C105,0)) -> 30
A106: KKA | B106: KKA-1 | C106: 40452 | D106: 186 | E106: 192 | F106: =IF(AND(ISNUMBER(E106),D106>0),E106/D106,IF($B106=$B105,IF(F105=0,1,F105),1)) -> 1.0322581 | G106: =IF(AND(ISNUMBER(E106),D106>0),E106,D106*F106) -> 192 | H106: 0 | I106: 4991 | J106: =IF(AND(ISNUMBER(I106),H106>0),I106/H106,IF($B106=$B105,IF(J105=0,1,J105),1)) -> 1.2349771 | K106: =IF(AND(ISNUMBER(I106),H106>0),I106,H106*J106) -> 0 | L106: 0 | M106: 0 | N106: =IF(AND(ISNUMBER(M106),L106>0),M106/L106,IF($B106=$B105,IF(N105=0,1,N105),1)) -> 0.54285714 | O106: =IF(AND(ISNUMBER(M106),L106>0),M106,L106*N106) -> 0 | P106: 186 | Q106: 192 | R106: =IF(AND(ISNUMBER(Q106),P106>0),Q106/P106,IF($B106=$B105,IF(R105=0,1,R105),1)) -> 1.0322581 | S106: =IF(AND(ISNUMBER(Q106),P106>0),Q106,P106*R106) -> 192 | T106: =DAY(EOMONTH(C106,0)) -> 31
A107: KKA | B107: KKA-1 | C107: 40483 | D107: 129 | E107: 167 | F107: =IF(AND(ISNUMBER(E107),D107>0),E107/D107,IF($B107=$B106,IF(F106=0,1,F106),1)) -> 1.2945736 | G107: =IF(AND(ISNUMBER(E107),D107>0),E107,D107*F107) -> 167 | H107: 0 | I107: 2529 | J107: =IF(AND(ISNUMBER(I107),H107>0),I107/H107,IF($B107=$B106,IF(J106=0,1,J106),1)) -> 1.2349771 | K107: =IF(AND(ISNUMBER(I107),H107>0),I107,H107*J107) -> 0 | L107: 18 | M107: 18.5 | N107: =IF(AND(ISNUMBER(M107),L107>0),M107/L107,IF($B107=$B106,IF(N106=0,1,N106),1)) -> 1.0277778 | O107: =IF(AND(ISNUMBER(M107),L107>0),M107,L107*N107) -> 18.5 | P107: 147 | Q107: 185.5 | R107: =IF(AND(ISNUMBER(Q107),P107>0),Q107/P107,IF($B107=$B106,IF(R106=0,1,R106),1)) -> 1.2619048 | S107: =IF(AND(ISNUMBER(Q107),P107>0),Q107,P107*R107) -> 185.5 | T107: =DAY(EOMONTH(C107,0)) -> 30
A108: KKA | B108: KKA-1 | C108: 40513 | D108: 125 | E108: 151.5 | F108: =IF(AND(ISNUMBER(E108),D108>0),E108/D108,IF($B108=$B107,IF(F107=0,1,F107),1)) -> 1.212 | G108: =IF(AND(ISNUMBER(E108),D108>0),E108,D108*F108) -> 151.5 | H108: 0 | I108: 1711.5 | J108: =IF(AND(ISNUMBER(I108),H108>0),I108/H108,IF($B108=$B107,IF(J107=0,1,J107),1)) -> 1.2349771 | K108: =IF(AND(ISNUMBER(I108),H108>0),I108,H108*J108) -> 0 | L108: 35.8 | M108: 37.5 | N108: =IF(AND(ISNUMBER(M108),L108>0),M108/L108,IF($B108=$B107,IF(N107=0,1,N107),1)) -> 1.047486 | O108: =IF(AND(ISNUMBER(M108),L108>0),M108,L108*N108) -> 37.5 | P108: 161 | Q108: 189.5 | R108: =IF(AND(ISNUMBER(Q108),P108>0),Q108/P108,IF($B108=$B107,IF(R107=0,1,R107),1)) -> 1.1770186 | S108: =IF(AND(ISNUMBER(Q108),P108>0),Q108,P108*R108) -> 189.5 | T108: =DAY(EOMONTH(C108,0)) -> 31
A109: KKA | B109: KKA-1 | C109: 40544 | D109: 121 | E109: 139 | F109: =IF(AND(ISNUMBER(E109),D109>0),E109/D109,IF($B109=$B108,IF(F108=0,1,F108),1)) -> 1.1487603 | G109: =IF(AND(ISNUMBER(E109),D109>0),E109,D109*F109) -> 139 | H109: 0 | I109: 1524 | J109: =IF(AND(ISNUMBER(I109),H109>0),I109/H109,IF($B109=$B108,IF(J108=0,1,J108),1)) -> 1.2349771 | K109: =IF(AND(ISNUMBER(I109),H109>0),I109,H109*J109) -> 0 | L109: 38.4 | M109: 35 | N109: =IF(AND(ISNUMBER(M109),L109>0),M109/L109,IF($B109=$B108,IF(N108=0,1,N108),1)) -> 0.91145833 | O109: =IF(AND(ISNUMBER(M109),L109>0),M109,L109*N109) -> 35 | P109: 160 | Q109: 174 | R109: =IF(AND(ISNUMBER(Q109),P109>0),Q109/P109,IF($B109=$B108,IF(R108=0,1,R108),1)) -> 1.0875 | S109: =IF(AND(ISNUMBER(Q109),P109>0),Q109,P109*R109) -> 174 | T109: =DAY(EOMONTH(C109,0)) -> 31
...
